filename,material,label,pitch_mean,pitch_std,spectral_centroid_mean,spectral_centroid_std,energy_mean,energy_std,zcr_mean,zcr_std,mfcc_1_mean,mfcc_1_std,mfcc_2_mean,mfcc_2_std,mfcc_3_mean,mfcc_3_std,mfcc_4_mean,mfcc_4_std,mfcc_5_mean,mfcc_5_std,mfcc_6_mean,mfcc_6_std,mfcc_7_mean,mfcc_7_std,mfcc_8_mean,mfcc_8_std,mfcc_9_mean,mfcc_9_std,mfcc_10_mean,mfcc_10_std,mfcc_11_mean,mfcc_11_std,mfcc_12_mean,mfcc_12_std,mfcc_13_mean,mfcc_13_std,delta_mfcc_1_mean,delta_mfcc_1_std,delta_mfcc_2_mean,delta_mfcc_2_std,delta_mfcc_3_mean,delta_mfcc_3_std,delta_mfcc_4_mean,delta_mfcc_4_std,delta_mfcc_5_mean,delta_mfcc_5_std,delta_mfcc_6_mean,delta_mfcc_6_std,delta_mfcc_7_mean,delta_mfcc_7_std,delta_mfcc_8_mean,delta_mfcc_8_std,delta_mfcc_9_mean,delta_mfcc_9_std,delta_mfcc_10_mean,delta_mfcc_10_std,delta_mfcc_11_mean,delta_mfcc_11_std,delta_mfcc_12_mean,delta_mfcc_12_std,delta_mfcc_13_mean,delta_mfcc_13_std,start_pitch_mean,start_pitch_std,start_mfcc_1_mean,start_mfcc_2_mean,start_mfcc_3_mean,start_mfcc_4_mean,start_mfcc_5_mean,start_mfcc_6_mean,start_mfcc_7_mean,start_mfcc_8_mean,start_mfcc_9_mean,start_mfcc_10_mean,start_mfcc_11_mean,start_mfcc_12_mean,start_mfcc_13_mean,middle_pitch_mean,middle_pitch_std,middle_mfcc_1_mean,middle_mfcc_2_mean,middle_mfcc_3_mean,middle_mfcc_4_mean,middle_mfcc_5_mean,middle_mfcc_6_mean,middle_mfcc_7_mean,middle_mfcc_8_mean,middle_mfcc_9_mean,middle_mfcc_10_mean,middle_mfcc_11_mean,middle_mfcc_12_mean,middle_mfcc_13_mean,end_pitch_mean,end_pitch_std,end_mfcc_1_mean,end_mfcc_2_mean,end_mfcc_3_mean,end_mfcc_4_mean,end_mfcc_5_mean,end_mfcc_6_mean,end_mfcc_7_mean,end_mfcc_8_mean,end_mfcc_9_mean,end_mfcc_10_mean,end_mfcc_11_mean,end_mfcc_12_mean,end_mfcc_13_mean
glass_half1.m4a,glass,half,539.2048154305015,536.8550502898073,2482.593893016655,530.9450809665533,0.018670134246349335,0.013549260795116425,0.15370198212336245,0.06939050630709195,-329.7992248535156,209.92320251464844,81.18832397460938,23.710004806518555,-27.238224029541016,27.69988441467285,7.456356525421143,7.26426887512207,-17.892322540283203,18.679014205932617,18.779888153076172,9.505646705627441,5.26867151260376,7.677209854125977,-0.8250455856323242,8.701053619384766,-3.8525192737579346,7.720998287200928,10.250200271606445,7.208040714263916,-6.152351379394531,12.420804023742676,1.1995338201522827,6.283848762512207,-0.1358536332845688,5.9644012451171875,2.4516236782073975,7.5472636222839355,0.2634008526802063,2.5738561153411865,-0.28984230756759644,2.470618963241577,-0.028713755309581757,1.2553530931472778,-0.11930621415376663,1.7469524145126343,0.09858613461256027,1.3636610507965088,-0.022237228229641914,1.123907208442688,-0.0134598258882761,1.176264762878418,-0.06210870295763016,1.167398452758789,0.01927807740867138,1.03522527217865,-0.10488617420196533,1.0918476581573486,-0.018898405134677887,0.841631293296814,0.005166973918676376,0.9836341738700867,350.44057652437846,540.6769334687858,-626.8486938476562,101.74993896484375,-3.7211053371429443,19.965421676635742,-0.9316959977149963,21.810407638549805,8.828572273254395,4.39494514465332,-1.7579309940338135,11.405980110168457,5.604344844818115,4.909753322601318,-1.0357143878936768,743.6928095145473,485.72044897140654,-198.17161560058594,63.49440002441406,-45.27998352050781,3.9233555793762207,-32.64300537109375,13.548656463623047,0.2405093014240265,-5.918790817260742,-3.4511430263519287,14.805194854736328,-9.07646369934082,0.3957146108150482,-2.7251358032226562,580.8924858980071,499.91998881575955,-176.22366333007812,90.45451354980469,-41.20450973510742,5.628636360168457,-25.193561553955078,25.568063735961914,4.114594459533691,1.624168038368225,-8.765320777893066,6.996506690979004,-16.910640716552734,-0.01174035295844078,1.9386309385299683
glass_half2.m4a,glass,half,449.30811600622656,477.20435681976176,2365.8643419647037,502.59507091708133,0.0204716045409441,0.014800685457885265,0.1455216972748815,0.07222509940693925,-326.31585693359375,211.71142578125,83.12821960449219,18.76535987854004,-24.90806007385254,31.777034759521484,10.357317924499512,11.194973945617676,-13.453429222106934,20.545063018798828,20.428279876708984,8.653599739074707,6.010332107543945,8.83837890625,-1.2591103315353394,8.361705780029297,-4.090439796447754,7.383793830871582,12.245148658752441,7.727094650268555,-9.177607536315918,14.27659797668457,-0.0209908876568079,8.430072784423828,-0.2217130959033966,6.488430023193359,2.5322885513305664,8.034619331359863,0.27873656153678894,2.610991954803467,-0.35701966285705566,2.4901766777038574,-0.09417546540498734,1.5964714288711548,-0.11078543215990067,1.710784912109375,0.011189849115908146,1.1823478937149048,-0.048560623079538345,1.2038494348526,-0.07748787105083466,1.0120166540145874,-0.025609739124774933,0.9419846534729004,0.037970349192619324,1.057210922241211,-0.07363730669021606,1.0370758771896362,0.0069826385006308556,0.9250681400299072,0.06882517784833908,0.896845281124115,188.46279222613776,350.70412585705924,-628.24365234375,103.90666961669922,4.968069076538086,28.85555076599121,5.361545085906982,22.21873664855957,9.603490829467773,2.344831943511963,-0.43600496649742126,11.731057167053223,5.117493629455566,7.066901683807373,-4.11499547958374,752.3359168495033,465.9059857795764,-191.14613342285156,73.5065689086914,-46.76955795288086,2.477583646774292,-28.99970054626465,15.942718505859375,1.313771367073059,-6.288132190704346,-8.408158302307129,14.535460472106934,-17.171588897705078,-3.1453166007995605,-2.2176997661590576,415.08390899290583,433.9575293022288,-173.37062072753906,86.82362365722656,-41.86079406738281,6.61798095703125,-23.28493309020996,27.82889747619629,3.7874820232391357,2.732931613922119,-5.96467924118042,12.873806953430176,-16.77357292175293,-2.416240692138672,4.845272541046143
glass_half3.m4a,glass,half,414.89735333222046,445.31901699991846,2284.951798148533,524.5659906498767,0.01876581273972988,0.014732640236616135,0.14191666025246305,0.06779057538944203,-348.5885925292969,217.5487518310547,88.29096984863281,23.0289249420166,-26.876323699951172,27.983488082885742,1.0233299732208252,7.483884334564209,-17.888111114501953,19.921276092529297,16.534835815429688,7.247199535369873,6.606353282928467,9.066146850585938,1.0989516973495483,7.758851051330566,-4.374495983123779,8.597397804260254,10.302663803100586,8.7476167678833,-6.074167251586914,10.376545906066895,-1.6824374198913574,6.769340991973877,-2.34269118309021,5.738785266876221,2.7607955932617188,7.356223106384277,0.27877211570739746,2.7410922050476074,-0.3612758219242096,2.1201846599578857,-0.06888022273778915,1.279204249382019,-0.22934873402118683,1.4504218101501465,0.026296285912394524,1.035170555114746,-0.04724198207259178,0.9945675134658813,-0.05568058416247368,0.9655041098594666,-0.10516061633825302,0.9988649487495422,0.039013806730508804,1.1652134656906128,-0.08227136731147766,0.9344209432601929,0.0011691894615069032,0.835595428943634,-0.011582870036363602,0.7846113443374634,83.39593423637626,18.635783014735985,-660.20654296875,123.12208557128906,-4.384974479675293,7.34946346282959,0.6060265302658081,20.24396324157715,9.877599716186523,10.055366516113281,2.645969867706299,6.096667289733887,3.221961498260498,4.606739044189453,0.4918413758277893,751.4745303718976,475.6055577504073,-227.8882293701172,68.3258056640625,-50.08130645751953,0.16385860741138458,-27.501514434814453,14.044771194458008,-2.357703447341919,-5.286266326904297,-6.871798515319824,18.565927505493164,-7.0031633377075195,-3.216032028198242,-2.391953468322754,398.99813604419484,398.490612349085,-177.5753936767578,94.10398864746094,-39.00282669067383,4.488399505615234,-33.32720947265625,20.703779220581055,8.300607681274414,1.9932012557983398,-11.316914558410645,8.23142147064209,-15.726524353027344,-5.4157538414001465,-5.527761459350586
glass_half4.m4a,glass,half,328.16508982208103,375.36465182307035,2510.2790053272097,508.87441655349954,0.02237876132130623,0.01696832664310932,0.15605961510894495,0.07264837661173329,-324.2622985839844,220.2516326904297,75.98628234863281,20.616060256958008,-31.049346923828125,29.8676700592041,9.229284286499023,10.993297576904297,-19.565799713134766,25.68052864074707,16.497575759887695,7.876950740814209,2.8554208278656006,9.189228057861328,-2.718684434890747,8.9601469039917,-7.711987018585205,11.124005317687988,10.580307006835938,9.443450927734375,-4.327614784240723,9.928175926208496,2.5662999153137207,5.619311332702637,2.4219119548797607,5.115090847015381,2.645526647567749,8.440250396728516,0.35679709911346436,2.5650761127471924,-0.3200480043888092,2.7209227085113525,-0.030881252139806747,1.5152668952941895,-0.2093837559223175,1.6880249977111816,0.048772480338811874,1.3161566257476807,-0.04111434519290924,0.8933873176574707,-0.054992396384477615,1.3379406929016113,-0.10188547521829605,1.1557676792144775,0.029846418648958206,1.0829129219055176,-0.05398344248533249,0.8643767237663269,-0.003085467731580138,0.7337621450424194,0.020969608798623085,0.8350592851638794,170.8877433880532,367.5316523050372,-645.6339111328125,101.07300567626953,-7.398951530456543,26.534164428710938,7.220664024353027,20.206144332885742,9.532890319824219,5.963766574859619,3.431553363800049,7.459358215332031,1.2180919647216797,4.543384552001953,0.5669968128204346,561.0968116913775,372.8023600143269,-185.40345764160156,59.565277099609375,-57.26259994506836,-1.7860163450241089,-38.04926300048828,15.192209243774414,-4.833216190338135,-6.017660140991211,-10.40805721282959,17.521726608276367,-2.578904390335083,2.9869534969329834,3.286310911178589,264.34198708956825,265.25528795255354,-158.57122802734375,84.43915557861328,-40.24868392944336,13.868978500366211,-35.58135986328125,19.67040252685547,0.7414734959602356,-5.8176374435424805,-17.811918258666992,8.276283264160156,-12.803666114807129,1.4465351104736328,2.7285053730010986
glass_half5.m4a,glass,half,519.4801150007776,498.83306243406275,2571.7908538550764,500.0135536644859,0.01891307160258293,0.014829901047050953,0.15744833909828243,0.057172080465542424,-317.7825012207031,184.2632293701172,78.88380432128906,25.403207778930664,-32.759761810302734,26.56448745727539,9.09521484375,10.288900375366211,-18.353578567504883,16.32843589782715,16.354511260986328,9.752498626708984,-0.8254532217979431,8.452466011047363,6.197272300720215,8.597750663757324,-3.1853554248809814,8.891300201416016,6.124932765960693,9.114320755004883,-6.654601573944092,10.641643524169922,2.3031344413757324,5.58563232421875,-0.29621070623397827,6.8073248863220215,2.159844398498535,5.744676113128662,0.2894229292869568,3.442748785018921,-0.21430011093616486,2.0986664295196533,-0.034700144082307816,1.5286493301391602,-0.15604130923748016,1.5585460662841797,0.022479984909296036,1.321219801902771,-0.06984987109899521,1.1923292875289917,0.03738485276699066,1.1206252574920654,-0.039843443781137466,1.2025741338729858,0.03831450268626213,1.1758744716644287,-0.054520126432180405,0.8111698031425476,0.014904338866472244,0.8307962417602539,0.008194086141884327,0.9600605368614197,114.6750949399899,112.36702929191335,-573.0286865234375,107.20083618164062,-6.179098606109619,22.613075256347656,-5.8484416007995605,16.66380500793457,-1.2266443967819214,6.209264755249023,-2.898813009262085,5.581334590911865,-0.18538765609264374,6.610198974609375,1.2338221073150635,894.8378259725673,528.0600681415021,-226.04852294921875,57.917301177978516,-55.47578430175781,2.2813045978546143,-25.519372940063477,19.00838851928711,0.8241674304008484,3.200740098953247,0.8583084344863892,15.548287391662598,-4.841141700744629,4.021866321563721,0.22289423644542694,638.373567920241,435.1207524318459,-163.26026916503906,80.01445770263672,-42.78837585449219,8.999706268310547,-29.200428009033203,18.357887268066406,-6.525134086608887,13.447887420654297,-11.008676528930664,0.3823351562023163,-17.629289627075195,-1.0859980583190918,-4.31842041015625
hard _plastic_full1.m4a,hard_plastic,full,324.1562910626032,369.7140198500405,2290.9113903674224,582.9415191052939,0.02457668073475361,0.01768251694738865,0.14928708319369974,0.0691450665019847,-268.20208740234375,159.7450714111328,84.95411682128906,14.578747749328613,-17.887367248535156,31.593069076538086,16.743492126464844,11.22514820098877,-16.369953155517578,16.2913761138916,15.001425743103027,12.083903312683105,-0.6408731341362,9.033981323242188,-6.446715831756592,7.953804969787598,-6.938651084899902,7.742724895477295,8.882637023925781,6.821552753448486,-11.313241004943848,9.928662300109863,1.2061411142349243,7.080445766448975,1.743134617805481,5.150726795196533,0.35285961627960205,6.344830513000488,0.20542743802070618,1.9935132265090942,0.026981119066476822,2.0924181938171387,0.07970596849918365,1.1255276203155518,-0.026765117421746254,1.374290943145752,-0.012430881150066853,1.297824740409851,0.027234448119997978,1.154701828956604,0.012257548049092293,1.0091431140899658,0.01732451468706131,0.9226283431053162,0.011243244633078575,0.9914543628692627,0.0012381760170683265,0.9053816795349121,-0.003473014337942004,0.8521549105644226,-0.003167788963764906,0.7325837016105652,382.13464867320437,499.40974236575494,-401.5861511230469,80.60662841796875,1.7914832830429077,15.122125625610352,-13.737555503845215,3.916161298751831,-0.6575138568878174,-2.4464120864868164,-0.957522451877594,9.413289070129395,-6.448365211486816,-2.0358991622924805,0.23822282254695892,323.9914356239231,301.69774080920797,-183.59066772460938,87.47978210449219,-32.97503662109375,11.304174423217773,-23.612781524658203,21.34292221069336,2.2260959148406982,-10.809653282165527,-12.504014015197754,9.669891357421875,-14.740447998046875,1.6308127641677856,3.5982186794281006,252.8343691292427,228.66721559493666,-219.86770629882812,87.85704803466797,-23.443904876708984,24.656530380249023,-12.463590621948242,20.387666702270508,-4.122284412384033,-5.611950397491455,-7.883988857269287,7.996127128601074,-13.28853988647461,4.354169845581055,0.9747745990753174
hard _plastic_full2.m4a,hard_plastic,full,435.4902039268588,456.10354484096877,2397.4953968386517,657.6750212358895,0.024898294359445572,0.017051033675670624,0.1624497767857143,0.06982487188844662,-262.7861633300781,165.00930786132812,79.55415344238281,16.34638023376465,-20.387556076049805,35.65668869018555,17.2590389251709,9.396472930908203,-16.626615524291992,15.849026679992676,18.19496726989746,12.311037063598633,-2.1056594848632812,9.721725463867188,-5.510334491729736,7.913208961486816,-9.090922355651855,8.672768592834473,7.12642240524292,5.537394046783447,-14.371247291564941,10.2466402053833,-0.2017543613910675,5.357883930206299,3.66935658454895,5.644421100616455,1.296729564666748,4.079402923583984,0.1741327941417694,1.874887228012085,-0.08739136159420013,2.2412874698638916,0.054487381130456924,1.3285499811172485,-0.09590601176023483,1.1690690517425537,0.03416772931814194,1.2044239044189453,-0.027142612263560295,1.200843095779419,0.011328514665365219,1.0745129585266113,-0.01572209782898426,0.9766970276832581,0.02809799648821354,0.7137777209281921,-0.027551081031560898,0.8386696577072144,0.0035423068329691887,0.6772636771202087,0.02490418590605259,0.6727361083030701,424.4071864127933,593.3905386205141,-460.65924072265625,75.1971664428711,13.679239273071289,21.50120735168457,-3.1996700763702393,9.442537307739258,-0.953453779220581,-5.143618106842041,-2.8430979251861572,7.1797099113464355,-3.524327516555786,0.5928447842597961,0.4326392412185669,597.4247789558241,449.7431802294449,-176.01747131347656,86.7958984375,-40.63679885864258,12.450971603393555,-30.369382858276367,21.770769119262695,3.4266421794891357,-7.697291374206543,-15.257081031799316,6.540501117706299,-20.760637283325195,-2.003924608230591,2.943171739578247,319.9462167145409,256.80076413405874,-159.62478637695312,82.51360321044922,-33.2338981628418,16.536516189575195,-16.615983963012695,23.426082611083984,-8.636054039001465,-3.678739309310913,-9.026665687561035,7.668411731719971,-18.84957504272461,0.907905101776123,7.912737846374512
hard _plastic_full3.m4a,hard_plastic,full,352.1963468469432,354.7090303759547,2384.6525537926473,622.5897390728773,0.028898082673549652,0.02028879150748253,0.15605070153061223,0.068571628094356,-248.1547393798828,155.00950622558594,80.39122009277344,13.756369590759277,-21.42989730834961,33.3396110534668,18.740482330322266,11.55736255645752,-16.84601402282715,17.936119079589844,18.84652328491211,11.897612571716309,-4.074370384216309,9.868050575256348,-5.180754661560059,6.725867748260498,-9.76198959350586,7.946182727813721,7.4966559410095215,5.330397605895996,-14.623021125793457,11.819269180297852,0.555189847946167,6.899214267730713,2.53688645362854,5.430107593536377,0.990078866481781,5.015065670013428,0.20733742415905,1.80437433719635,-0.04465373232960701,2.2195396423339844,0.08672350645065308,1.4256198406219482,-0.012618573382496834,1.186266303062439,0.026095125824213028,1.2193069458007812,-0.07201569527387619,1.190987229347229,-0.04106398671865463,0.9818578362464905,-0.03826462849974632,0.9084607362747192,0.019789796322584152,0.6680009961128235,-0.02949737384915352,0.8437818288803101,-0.008851750753819942,0.8407821655273438,-0.009162894450128078,0.8112723231315613,349.44114345812386,439.2029244012691,-398.6373596191406,78.63261413574219,2.53774094581604,17.1091365814209,-12.189624786376953,7.672814846038818,-0.8550187945365906,-3.322265863418579,-2.4004268646240234,5.676114082336426,-6.082895278930664,-1.6068921089172363,-0.8077566623687744,436.0990186236149,323.95181703700405,-171.5540008544922,83.17475128173828,-36.823814392089844,15.191793441772461,-27.13782501220703,24.117450714111328,0.5117592215538025,-9.13379192352295,-13.224127769470215,5.607758522033691,-17.555049896240234,1.152748465538025,6.610445022583008,287.5324010634037,294.15056337117966,-175.15023803710938,80.08272552490234,-30.478515625,24.31730842590332,-11.637016296386719,25.053125381469727,-12.068459510803223,-2.8420352935791016,-13.919398307800293,11.470149993896484,-20.245098114013672,2.265937089920044,1.7375991344451904
hard _plastic_full4.m4a,hard_plastic,full,415.0849259256331,476.6358296160505,2377.3837661793727,738.2162387541864,0.021636981517076492,0.013465061783790588,0.1650390625,0.0783408808679029,-289.160888671875,189.3973388671875,86.99081420898438,25.626693725585938,-21.46135139465332,37.33246994018555,19.446678161621094,7.690385818481445,-18.066425323486328,16.340187072753906,20.71779441833496,14.170517921447754,-1.4175291061401367,8.388021469116211,-7.933290481567383,7.083695411682129,-9.982437133789062,7.506992816925049,9.336857795715332,5.884191036224365,-10.132493019104004,9.077528953552246,-0.26095303893089294,5.692105293273926,3.2384254932403564,5.840851783752441,1.6600970029830933,4.992349624633789,0.15363430976867676,2.6084048748016357,-0.22992925345897675,1.981351613998413,0.006719148717820644,1.1358073949813843,-0.14108532667160034,1.0545498132705688,0.050938207656145096,1.247455358505249,-0.01473456621170044,1.0403670072555542,-0.005688731092959642,0.9390277862548828,-0.053274914622306824,0.7940512299537659,0.054103098809719086,0.7798638343811035,-0.040460459887981415,0.7328675985336304,-0.0005441440735012293,0.8767148852348328,-0.01060407143086195,0.7766983509063721,333.17722551665673,532.099286553109,-532.4497680664062,117.41532135009766,8.106861114501953,30.151094436645508,-5.016987323760986,13.403371810913086,-1.0753990411758423,-3.678079605102539,-4.703131675720215,7.713005065917969,-0.20455482602119446,3.2003889083862305,0.19164983928203583,486.82044599915076,383.1680479722496,-179.93878173828125,81.01557922363281,-42.02241897583008,15.636910438537598,-32.365482330322266,21.073020935058594,-3.095778226852417,-8.676838874816895,-12.366124153137207,8.809629440307617,-17.310205459594727,-3.5504040718078613,2.7241106033325195,408.4796087794451,514.2562308597328,-168.42449951171875,77.91697692871094,-41.06494140625,19.878873825073242,-21.69595718383789,30.625446319580078,-2.163135051727295,-10.144515991210938,-14.167317390441895,12.613409042358398,-13.431594848632812,-0.22633273899555206,6.61146879196167
hard _plastic_full5.m4a,hard_plastic,full,466.36152039860053,460.62273030424967,2322.5906410741422,622.1770648862167,0.02922547236084938,0.022671453654766083,0.15708811690167682,0.07285570664597989,-252.81492614746094,155.89340209960938,81.96337890625,15.764718055725098,-20.73747444152832,33.6871223449707,17.111474990844727,10.005352020263672,-16.877395629882812,18.70693588256836,18.113147735595703,11.992897033691406,-2.944704294204712,11.909897804260254,-6.377040386199951,6.7649383544921875,-7.4101386070251465,7.90113639831543,7.167463302612305,7.051389217376709,-13.05048656463623,10.32876205444336,-3.3016226291656494,7.6957783699035645,0.2044774889945984,4.082544803619385,0.8950059413909912,5.941538333892822,0.2985387444496155,2.1556544303894043,-0.09036797285079956,2.304309368133545,0.06913021206855774,1.122653841972351,0.003910134546458721,1.3452544212341309,0.054012496024370193,1.2168697118759155,-0.033611834049224854,1.2530070543289185,0.01570620760321617,0.8789851665496826,0.01748126931488514,0.8852120637893677,0.02628297545015812,1.0072683095932007,0.003790023736655712,0.9770128726959229,0.026619086042046547,0.9636635780334473,0.003254553535953164,0.6509321331977844,337.7063692585918,413.4704918046705,-402.01409912109375,78.7920150756836,6.852324962615967,19.36972427368164,-12.258749961853027,5.67921257019043,-1.6163175106048584,-3.8650922775268555,-3.8102593421936035,5.006197452545166,-7.230579376220703,-3.791978359222412,-0.8569031953811646,780.6965275935869,471.3780546243998,-173.03988647460938,82.17034149169922,-38.3310661315918,11.676689147949219,-26.939218521118164,25.724023818969727,4.614759922027588,-8.364873886108398,-14.239883422851562,8.432439804077148,-16.096044540405273,-5.467020034790039,1.001295804977417,289.65115942472136,314.1736452275916,-184.42489624023438,85.4122085571289,-30.991119384765625,20.45591926574707,-11.650382041931152,23.082454681396484,-12.074756622314453,-6.823967933654785,-4.016932487487793,8.193901062011719,-15.820951461791992,-0.5064200162887573,0.5618134140968323
hard _plastic_half1.m4a,hard_plastic,half,471.9112936288513,463.3412701380226,1991.100253210317,706.5513833586565,0.024601701647043228,0.028335094451904297,0.1305261036706349,0.08841456812508715,-334.88079833984375,186.9987335205078,87.46688842773438,19.21173858642578,-10.48282241821289,43.27389144897461,14.09232234954834,9.803380966186523,-16.31846809387207,20.366514205932617,12.102279663085938,13.546049118041992,2.1509222984313965,11.64187240600586,-3.666045665740967,7.0526041984558105,-8.400598526000977,9.372812271118164,2.367342948913574,7.047818660736084,-15.873894691467285,17.172107696533203,-0.7856791615486145,7.410701274871826,-1.260408639907837,4.195228576660156,2.2477471828460693,7.236952781677246,0.46553418040275574,2.5631699562072754,-0.2971706986427307,2.7846860885620117,0.003913172986358404,1.4281387329101562,-0.11462558060884476,1.4676878452301025,0.10489404201507568,1.6226392984390259,0.0643077865242958,1.3405600786209106,-0.0664098784327507,0.9859247803688049,-0.14362438023090363,0.933873176574707,0.007248759735375643,1.01535964012146,-0.17430776357650757,1.184243083000183,0.07997485250234604,0.8125787377357483,0.02197401039302349,0.693626880645752,67.96741138482518,8.351845047202682,-645.8700561523438,145.82711791992188,24.340024948120117,27.228164672851562,-0.4228571057319641,13.635821342468262,5.322309494018555,1.4240832328796387,-3.027468204498291,7.242234706878662,-0.29484692215919495,1.5628986358642578,0.36225661635398865,551.755970259348,407.0670044316168,-235.01808166503906,89.47679138183594,-38.61766052246094,10.894618034362793,-32.628177642822266,4.980319976806641,-6.593519687652588,-8.974748611450195,-8.104320526123047,5.9842658042907715,-19.130300521850586,-3.6432294845581055,-1.6115407943725586,775.527239460044,463.3040683651654,-192.98463439941406,92.09132385253906,-38.34817123413086,12.137357711791992,-24.41557502746582,23.754257202148438,7.45933198928833,-3.3351423740386963,-18.145559310913086,-1.169228196144104,-31.000022888183594,0.058125752955675125,-1.099816918373108
hard _plastic_half2.m4a,hard_plastic,half,662.3729050683443,520.3019133758387,2333.0219881249677,609.1675173957058,0.024256384000182152,0.015587916597723961,0.1622373519405242,0.07193061824604062,-280.1440734863281,178.87338256835938,87.98091125488281,20.040451049804688,-24.904521942138672,35.100311279296875,16.148128509521484,10.915647506713867,-18.198328018188477,17.751230239868164,21.31336212158203,13.615538597106934,3.1590468883514404,10.152372360229492,-6.8913493156433105,5.978439807891846,-9.833052635192871,9.848732948303223,7.924703121185303,6.1283392906188965,-15.193906784057617,10.04445743560791,0.12812189757823944,7.188446044921875,4.058405876159668,6.403303623199463,2.0253336429595947,5.426811218261719,0.22299306094646454,2.5714523792266846,-0.3172259032726288,1.8613377809524536,0.015029560774564743,1.3810715675354004,-0.18413811922073364,1.338876485824585,0.04851792752742767,1.2121753692626953,-0.02095578983426094,1.1775834560394287,-0.05311928316950798,0.9469517469406128,-0.10667654871940613,1.041504979133606,-0.004811991471797228,0.833513617515564,-0.11459854990243912,0.8262801766395569,0.019006583839654922,0.885707676410675,0.047124531120061874,0.693449854850769,511.40933366732736,650.6674390076784,-480.2354431152344,94.15577697753906,7.077332496643066,23.465166091918945,-1.603296160697937,12.153010368347168,2.2995433807373047,-6.813745021820068,-0.2625545263290405,10.348053932189941,-5.437222957611084,1.6081033945083618,-0.9936609864234924,701.2250998313141,407.5938536363042,-182.08087158203125,90.1723403930664,-42.74357604980469,10.508648872375488,-34.84447479248047,21.04034423828125,2.168649196624756,-5.571935653686523,-12.064911842346191,6.046347141265869,-21.618738174438477,-5.927984237670898,2.6453330516815186,676.6379060440432,452.6773986611915,-177.17935180664062,79.44432067871094,-38.85541534423828,14.206705093383789,-18.110605239868164,30.33480453491211,4.934543609619141,-8.42232608795166,-17.027938842773438,7.3288774490356445,-18.343320846557617,4.61936616897583,10.527765274047852
hard _plastic_half3.m4a,hard_plastic,half,582.0769467289164,525.1325962017959,2631.1931085976553,608.4573655186354,0.02294272556900978,0.014293152838945389,0.18514265682234432,0.08160488089399737,-286.8201599121094,189.78115844726562,73.78491973876953,23.016014099121094,-25.820022583007812,29.57444190979004,16.666887283325195,9.478142738342285,-19.115034103393555,16.50274085998535,20.953723907470703,11.736644744873047,0.3581080138683319,11.394271850585938,-5.849470615386963,8.622918128967285,-8.553747177124023,10.880331993103027,8.310091018676758,6.212532043457031,-12.719213485717773,12.252679824829102,2.1669938564300537,6.5087504386901855,4.6795973777771,6.87589168548584,1.9411191940307617,5.625298976898193,0.16473925113677979,2.477661609649658,-0.19042831659317017,2.034919261932373,0.04145384952425957,1.3168467283248901,-0.14747639000415802,1.2864404916763306,0.06967245787382126,1.3465654850006104,0.0027806470170617104,1.0555181503295898,-0.03295077756047249,1.4177933931350708,-0.10154245048761368,1.066258430480957,0.00031556488829664886,0.8580812811851501,-0.12418776005506516,0.8559532165527344,0.002064582658931613,0.9006690382957458,0.034774504601955414,0.7363765835762024,464.97051453617996,672.1637762906599,-525.9039306640625,80.9810562133789,-5.15556526184082,26.245603561401367,-5.269736289978027,20.095815658569336,0.3923584222793579,0.12199962884187698,0.182749941945076,13.53750228881836,1.2247076034545898,6.116078853607178,-0.34088632464408875,605.6559307202205,447.18116281551505,-177.1778564453125,75.15259552001953,-45.31273651123047,12.857982635498047,-30.344205856323242,16.287691116333008,-4.2806220054626465,-8.021458625793457,-9.479232788085938,4.158505439758301,-20.376354217529297,-3.4099016189575195,3.7107014656066895,739.5149002952589,435.4826332863553,-169.95999145507812,77.76374816894531,-35.076412200927734,16.568750381469727,-25.75513458251953,29.42360496520996,2.9283127784729004,-8.120821952819824,-18.14704704284668,9.0135498046875,-20.105615615844727,5.07698392868042,10.001983642578125
hard _plastic_half4.m4a,hard_plastic,half,569.9009987452638,482.76432394451666,2415.6111448970314,538.0801881216485,0.022962842136621475,0.021052980795502663,0.15780126521017698,0.07722249550501228,-329.205810546875,192.10153198242188,76.16665649414062,23.11891746520996,-24.586997985839844,31.01148796081543,11.679140090942383,11.52333927154541,-15.997682571411133,23.316082000732422,16.46254539489746,12.644657135009766,3.6672005653381348,11.036080360412598,-5.462245941162109,9.146263122558594,-5.2993574142456055,13.205704689025879,4.946370601654053,9.918963432312012,-13.577398300170898,15.030407905578613,0.8125669360160828,7.12051248550415,-3.0593817234039307,5.809388637542725,1.7542232275009155,5.657041549682617,0.319500207901001,2.5406956672668457,-0.31629928946495056,1.98643159866333,0.04102623462677002,1.4663938283920288,-0.11726623773574829,1.6055940389633179,0.10349863022565842,1.6496331691741943,0.057259365916252136,1.0817503929138184,-0.056068599224090576,1.718492865562439,-0.11151681840419769,1.2491817474365234,-0.04480918124318123,0.9385034441947937,-0.1599985808134079,1.0523720979690552,0.01659506745636463,0.9128753542900085,-0.0004252100479789078,0.9669510722160339,278.92203269580733,503.7813582912787,-620.2350463867188,94.79381561279297,0.9318845868110657,27.756193161010742,4.295782566070557,25.954185485839844,7.081587791442871,0.7950609922409058,5.811811447143555,17.406265258789062,0.06299429386854172,3.6411445140838623,-0.8957204222679138,671.2227630110679,379.62176338411007,-213.75201416015625,72.4096450805664,-51.31401443481445,8.087206840515137,-33.18448257446289,5.832492828369141,-8.873783111572266,-8.915513038635254,-7.1932268142700195,6.662714004516602,-14.574477195739746,0.6903402209281921,-5.207797050476074,769.6409882593102,409.8750455902179,-187.21107482910156,91.0068130493164,-37.719600677490234,10.844219207763672,-27.799766540527344,24.020549774169922,9.797959327697754,-6.171484470367432,-17.074472427368164,-5.870852947235107,-28.375385284423828,0.35021498799324036,-4.523264408111572
hard _plastic_half5.m4a,hard_plastic,half,565.3466532972271,473.97424401538905,2364.7883897328616,399.93855454834824,0.021101977676153183,0.017570246011018753,0.1455365349264706,0.05840403536428448,-328.46728515625,192.13829040527344,72.988525390625,27.09437370300293,-26.502315521240234,31.365646362304688,7.6380696296691895,8.890650749206543,-16.90778350830078,20.635305404663086,16.147132873535156,12.922700881958008,5.424973011016846,11.170450210571289,-3.350226879119873,8.517155647277832,-8.5222749710083,12.579793930053711,2.6107492446899414,8.560182571411133,-9.682005882263184,13.531562805175781,-0.17945496737957,7.55264139175415,-4.254158020019531,6.42760705947876,1.7256745100021362,6.158242702484131,0.383786141872406,2.1093320846557617,-0.13331952691078186,2.2881975173950195,0.07446695119142532,1.3960630893707275,-0.0598769336938858,1.40762197971344,0.17066480219364166,1.2846837043762207,0.07989506423473358,1.45212984085083,-0.029889008030295372,0.9572505354881287,-0.07059501111507416,0.9014066457748413,0.005229508504271507,0.9116352796554565,-0.024475838989019394,1.075028419494629,0.011236025020480156,0.9945354461669922,-0.034656867384910583,0.7169349789619446,224.91698999461806,426.9440766624014,-646.2409057617188,95.03121185302734,-9.490434646606445,18.22654151916504,4.019792556762695,18.777233123779297,4.436090469360352,8.207426071166992,2.7343790531158447,10.336872100830078,5.6030731201171875,6.619746685028076,1.4831857681274414,636.0071617220915,297.69861581565647,-200.62413024902344,79.73008728027344,-53.4544677734375,3.977545976638794,-36.182098388671875,7.318592071533203,-5.385647773742676,-6.784972190856934,-9.505523681640625,5.581426620483398,-16.65349769592285,-3.9590835571289062,-8.673813819885254,798.653137834246,462.5552329683683,-192.32411193847656,94.21075439453125,-38.774139404296875,10.276774406433105,-23.698715209960938,28.457536697387695,13.448182106018066,-8.4034423828125,-21.504426956176758,-5.511529445648193,-18.459381103515625,-1.5479838848114014,-6.160547733306885
paper_full1.m4a,paper,full,372.48967277924646,283.165459034092,2301.7205946762247,583.8208048016787,0.030935177579522133,0.021817512810230255,0.12280321782178218,0.055223203896979774,-249.41522216796875,142.56375122070312,83.38199615478516,18.218074798583984,-21.0372257232666,27.45154571533203,17.72687530517578,11.205421447753906,-10.117734909057617,14.527037620544434,12.709708213806152,15.414799690246582,-9.625554084777832,11.965712547302246,-4.473849773406982,8.722171783447266,-13.684647560119629,12.179524421691895,2.2424545288085938,6.996001720428467,-17.799074172973633,10.934273719787598,-8.320090293884277,8.168408393859863,-4.637801170349121,6.149526596069336,0.37819623947143555,5.951503753662109,0.14733418822288513,2.3737311363220215,-0.00392578449100256,2.0275280475616455,0.0689864307641983,1.2615540027618408,-0.017845837399363518,1.2841253280639648,0.00604922603815794,1.602843165397644,-0.011216312646865845,1.267969012260437,0.0016539809294044971,1.0919842720031738,-0.0012789509491994977,1.0342167615890503,0.017361244186758995,1.0551100969314575,0.012230077758431435,0.9412425756454468,0.023221410810947418,0.9287500977516174,0.0016938833286985755,0.9386581778526306,372.54776886276164,393.06805592500245,-352.2505187988281,89.95829010009766,-0.9440614581108093,15.549097061157227,-11.331199645996094,-0.01305935624986887,-4.2836103439331055,0.160216823220253,-2.9910879135131836,4.74601936340332,-11.651095390319824,-6.57139253616333,-2.6463265419006348,434.24924935757656,107.4180685801104,-185.72998046875,87.94522094726562,-31.38020133972168,10.40870189666748,-16.209842681884766,16.858726501464844,-9.338479042053223,-10.044410705566406,-25.673717498779297,-1.126899242401123,-23.370222091674805,-11.40516185760498,-5.321288108825684,320.84333028707385,274.07476577856966,-211.0198516845703,72.79853057861328,-31.111732482910156,27.505645751953125,-3.0901145935058594,21.45172691345215,-15.49661636352539,-3.2858972549438477,-12.530933380126953,3.317101001739502,-18.520143508911133,-6.875785827636719,-6.116916656494141
paper_full2.m4a,paper,full,373.09395532772453,320.91321305099893,2365.649005977763,585.0686236507798,0.03264237195253372,0.02452012710273266,0.13265787760416667,0.05728265047343784,-238.68548583984375,142.10092163085938,80.50921630859375,20.391056060791016,-23.000104904174805,25.959793090820312,18.096969604492188,12.882657051086426,-11.979901313781738,17.690841674804688,15.628843307495117,13.165826797485352,-9.918163299560547,11.356045722961426,-6.329103469848633,9.005928039550781,-14.729801177978516,11.195576667785645,1.060983657836914,7.802306652069092,-18.519119262695312,11.355907440185547,-5.383185863494873,7.723333835601807,-3.0002031326293945,5.840330600738525,0.5227575302124023,6.350777626037598,0.14697566628456116,2.4527692794799805,-0.032056573778390884,1.932433009147644,0.10842695832252502,1.3012521266937256,-0.0044303713366389275,1.4492079019546509,0.01171349547803402,1.2932583093643188,-0.018686039373278618,1.417257308959961,0.00389661337248981,1.0925151109695435,-0.00274705421179533,1.0065345764160156,0.03089178539812565,1.0374476909637451,-0.009442438371479511,0.975982666015625,0.012711922638118267,0.8916923403739929,-0.0012204635422676802,0.7790284752845764,358.36633253927255,362.39753447708586,-340.479248046875,84.94161987304688,-4.463447570800781,15.215157508850098,-13.817073822021484,4.451448440551758,-6.028653621673584,0.20601817965507507,-3.8818538188934326,3.967755079269409,-11.598994255065918,-4.730091094970703,-2.3825840950012207,427.8332510765701,59.89026576291142,-179.18409729003906,85.56851196289062,-35.08980178833008,12.548221588134766,-20.106958389282227,22.890594482421875,-9.253872871398926,-11.005006790161133,-24.36424446105957,-1.3231931924819946,-24.932390213012695,-8.729138374328613,-4.396501541137695,340.9932241111004,435.10924456370293,-196.78738403320312,71.26456451416016,-29.651174545288086,26.68166160583496,-2.1951682567596436,19.73277473449707,-14.641892433166504,-7.977425575256348,-16.105165481567383,0.7553739547729492,-19.185588836669922,-2.475576877593994,-2.3084897994995117
paper_full3.m4a,paper,full,385.13941020944765,285.8674139625762,2340.1992791834787,611.2845744516553,0.03574385121464729,0.024233147501945496,0.12994903688006074,0.0642136084259201,-246.98512268066406,150.02188110351562,78.90599060058594,18.485559463500977,-15.111115455627441,26.432912826538086,18.75339698791504,11.166131019592285,-14.20062255859375,18.036439895629883,13.97970199584961,15.379920959472656,-5.4408111572265625,11.525461196899414,-5.024705410003662,6.9887189865112305,-14.633844375610352,11.924076080322266,-1.6175141334533691,8.33126449584961,-23.116344451904297,13.594291687011719,-3.9049248695373535,7.142327785491943,-3.863652229309082,6.401771545410156,0.7456020712852478,4.938095569610596,0.12437842786312103,2.293560743331909,-0.06485900282859802,2.086735248565674,0.08857989311218262,1.384678602218628,-0.030770650133490562,1.2403873205184937,0.060000885277986526,1.4820269346237183,-0.009378964081406593,1.284582495689392,0.0009426394826732576,0.9754919409751892,-0.018062926828861237,1.1768382787704468,-0.0004928141133859754,0.9972187280654907,-0.021064642816781998,0.9176691770553589,-0.009870681911706924,0.8938854932785034,-0.02179870381951332,0.7997676730155945,371.59586164265505,404.47289630041854,-376.90704345703125,78.67637634277344,4.127076148986816,21.459667205810547,-12.867822647094727,1.0664284229278564,-5.602100372314453,-3.990981340408325,-2.1396443843841553,5.104092597961426,-11.88723373413086,-2.4583628177642822,-1.3717643022537231,421.3399316487083,51.32334841770995,-182.9501953125,87.25041198730469,-22.090778350830078,10.203178405761719,-24.546022415161133,19.36412811279297,-2.092580795288086,-5.926284313201904,-24.48546028137207,-8.182341575622559,-29.953035354614258,-4.202779769897461,-2.705869674682617,347.2121280610634,251.88296139180167,-181.17251586914062,70.91321563720703,-27.433374404907227,24.56266975402832,-5.2469096183776855,21.561704635620117,-8.641854286193848,-5.118320941925049,-17.226932525634766,-1.7016805410385132,-27.441890716552734,-4.9951252937316895,-7.455809116363525
paper_full4.m4a,paper,full,409.0724373301231,531.5604001439152,2446.662264627625,553.9997886773951,0.026695681735873222,0.01836855337023735,0.14732524671052633,0.055684028936410154,-245.21502685546875,140.4716339111328,81.09957122802734,17.32969856262207,-24.18430519104004,27.016376495361328,16.54427719116211,10.177675247192383,-11.840619087219238,16.191946029663086,21.428424835205078,13.673629760742188,-2.5218255519866943,11.212605476379395,-1.73566734790802,8.243789672851562,-5.720030784606934,7.090177059173584,6.665432453155518,6.520323276519775,-11.494136810302734,11.972939491271973,-0.9415668845176697,9.569652557373047,2.223191738128662,7.568826675415039,0.9750651121139526,4.592226028442383,0.14946851134300232,2.3190858364105225,-0.10286737978458405,1.845137357711792,0.03583502769470215,1.3296955823898315,-0.02511444501578808,1.2657601833343506,0.040018390864133835,1.4622955322265625,-0.028364643454551697,1.2359822988510132,0.01664053276181221,1.2003798484802246,-0.027239235118031502,0.9197404980659485,0.025166308507323265,0.9140892624855042,-0.024742260575294495,1.0645408630371094,-0.005723441485315561,0.860801637172699,0.0030449882615357637,0.7541980743408203,398.7402800185942,444.9978019155357,-361.4950866699219,91.83330535888672,-2.886887550354004,15.923319816589355,-14.844354629516602,7.296329975128174,-0.5077407360076904,-1.308071255683899,-0.320041298866272,5.466033935546875,-12.908193588256836,-6.128740310668945,-3.5436551570892334,528.6527247529057,554.1834490140378,-192.68453979492188,79.68439483642578,-33.1549186706543,11.103520393371582,-18.1669921875,30.10784912109375,4.048550605773926,-5.46183967590332,-8.957283020019531,9.567475318908691,-11.926358222961426,3.1640655994415283,3.3215525150299072,340.1983514924455,606.9624485658996,-181.7705078125,71.85013580322266,-36.68796157836914,22.586532592773438,-2.3966424465179443,26.87691879272461,-11.068314552307129,1.643639087677002,-7.817648410797119,5.037993907928467,-9.573527336120605,0.1365656852722168,6.970407009124756
paper_full5.m4a,paper,full,410.03783044136577,484.88472577239503,2493.6649266843237,538.1934299330493,0.027536364272236824,0.017917010933160782,0.167176673854638,0.061766370368409255,-229.8909149169922,128.83261108398438,80.45098876953125,17.125463485717773,-29.283552169799805,26.671724319458008,16.31618881225586,12.080375671386719,-14.618650436401367,13.772923469543457,20.66776466369629,13.879599571228027,-0.9213748574256897,8.802184104919434,-1.1759164333343506,7.664727687835693,-8.272125244140625,7.990094184875488,7.573851108551025,7.599889278411865,-14.851517677307129,10.667515754699707,-2.2719063758850098,8.662763595581055,-1.3058634996414185,6.950295448303223,0.8496729135513306,5.279364109039307,0.13007895648479462,2.267045497894287,-0.05167221650481224,2.004425048828125,0.1012234091758728,1.5211915969848633,-0.03277001529932022,1.1664319038391113,0.024968797340989113,1.482308268547058,-0.05164740979671478,0.9654582738876343,-0.04499607905745506,0.9633639454841614,-0.07004886120557785,0.9944294691085815,0.00041653128573670983,0.9406348466873169,-0.031073786318302155,0.904198408126831,-0.01529917772859335,0.8717053532600403,-0.015001418069005013,0.7283206582069397,452.6524091737437,429.0232076970742,-317.87554931640625,90.5038833618164,-12.678756713867188,12.585830688476562,-18.66840934753418,8.529823303222656,0.4750737249851227,-0.4430674612522125,-2.0564987659454346,4.273075103759766,-14.859623908996582,-7.398770809173584,-4.418961048126221,388.4564382521784,558.0062610162096,-189.46090698242188,80.6162338256836,-37.46110916137695,13.418365478515625,-16.2362003326416,31.295040130615234,2.9621288776397705,-6.127684116363525,-9.951018333435059,14.124932289123535,-13.725970268249512,1.3753142356872559,2.3929238319396973,361.81626152901043,456.38240826727144,-183.30633544921875,70.1699447631836,-37.70384979248047,23.07595443725586,-8.794219970703125,22.233308792114258,-6.120602130889893,3.011507987976074,-12.780621528625488,4.378434658050537,-15.920989036560059,-0.7985908389091492,-1.9170362949371338
paper_half1.m4a,paper,half,449.95074392512805,442.84413832189074,2208.6963208582083,637.6708128738868,0.024870650842785835,0.019000956788659096,0.13434936163348082,0.06660360677000272,-282.3826599121094,176.44288635253906,87.49543762207031,16.554473876953125,-17.935562133789062,36.11038589477539,9.994799613952637,8.990589141845703,-16.20993423461914,15.092482566833496,13.616012573242188,14.51736068725586,2.81123685836792,12.963018417358398,-2.8697867393493652,8.89717960357666,-6.574307918548584,7.943683624267578,9.34250259399414,6.545042037963867,-14.731831550598145,12.058253288269043,-2.1751527786254883,7.545750617980957,-0.5325427055358887,7.215343952178955,1.4026906490325928,4.656037330627441,0.22345033288002014,2.2586586475372314,-0.20562884211540222,1.990368366241455,-0.033187974244356155,1.2379230260849,-0.08411850035190582,1.0709973573684692,0.07697638869285583,1.2117429971694946,-0.001967392163351178,1.2551195621490479,-0.0359756164252758,0.9413815140724182,-0.054353225976228714,0.8945012092590332,0.04821205884218216,0.8609254360198975,-0.055003922432661057,0.93819659948349,-0.010358708910644054,0.7188623547554016,0.029862768948078156,0.9032508134841919,326.4045234433866,488.90562263319265,-484.90863037109375,92.21731567382812,20.846553802490234,16.644041061401367,-3.7709927558898926,4.834081649780273,-1.4985541105270386,-4.318245887756348,-0.06455045938491821,8.45200252532959,-2.312438488006592,1.9458330869674683,0.21911457180976868,649.4947513563257,332.5246555744195,-181.4326629638672,90.12664031982422,-36.04751968383789,8.58144760131836,-27.224153518676758,8.306856155395508,3.4722821712493896,-0.13952118158340454,-8.480762481689453,6.57396125793457,-26.023876190185547,-9.715546607971191,-6.587365627288818,360.8698309146018,404.2501433979024,-184.9576873779297,83.08370208740234,-38.7362060546875,4.494541645050049,-17.651506423950195,27.653079986572266,6.483674049377441,-4.081096172332764,-11.163969993591309,13.04877758026123,-15.98837947845459,1.2527387142181396,5.004833698272705
paper_half2.m4a,paper,half,557.4803036331675,519.0582010660767,2176.7781297065417,684.452852124395,0.02708931267261505,0.027336865663528442,0.13288583161630035,0.07222189342625401,-292.888916015625,181.89535522460938,84.32460021972656,18.99013328552246,-12.109743118286133,35.712318420410156,11.994843482971191,10.99932861328125,-18.55901527404785,19.408836364746094,15.076688766479492,14.275818824768066,5.2761077880859375,9.735474586486816,-0.11507066339254379,7.385913848876953,-3.6333491802215576,7.271788597106934,6.8929057121276855,6.022461891174316,-14.630642890930176,12.925148963928223,0.14655546844005585,9.502209663391113,0.5336471199989319,8.564915657043457,1.6581252813339233,6.073149681091309,0.2774016559123993,2.4288601875305176,-0.1734313666820526,2.23258376121521,0.0213532205671072,1.4920001029968262,-0.10165166109800339,1.3827223777770996,0.07089045643806458,1.3426083326339722,0.011965692043304443,1.010293960571289,-0.030545242130756378,1.0718259811401367,-0.035458192229270935,0.7399330735206604,0.007179026026278734,0.8935960531234741,-0.05112949013710022,0.9868150949478149,0.04205476865172386,0.7593123316764832,0.03372015058994293,0.8010979294776917,280.52799764079884,493.4946329647514,-521.7828979492188,74.37261962890625,26.176559448242188,19.117372512817383,0.05877609923481941,8.163558959960938,4.158715724945068,1.148412823677063,3.190930128097534,6.77119255065918,0.5120030641555786,3.452733039855957,1.6410670280456543,453.54250977628544,316.32742190539955,-174.142578125,99.89334106445312,-29.59522819519043,8.607843399047852,-34.02854537963867,7.745893955230713,0.23484162986278534,-2.424267053604126,-4.988245964050293,5.0956573486328125,-26.364646911621094,-10.279658317565918,-7.8755364418029785,910.2248141384616,488.27888540566914,-183.08883666992188,78.8792953491211,-32.781333923339844,8.327556610107422,-21.603857040405273,29.338274002075195,11.528717041015625,0.9348163604736328,-9.014793395996094,8.853042602539062,-17.89692497253418,7.310461521148682,7.871277332305908
paper_half3.m4a,paper,half,469.5545526007123,478.39290122846694,2193.35513499636,653.6878140166215,0.02862291783094406,0.025248708203434944,0.14471368475274726,0.0771250686496065,-284.4377746582031,183.6122589111328,86.32514953613281,17.130821228027344,-14.015626907348633,34.591552734375,13.717812538146973,9.37440299987793,-20.781352996826172,18.560718536376953,13.696871757507324,13.24964714050293,2.932675361633301,11.914504051208496,-2.828279733657837,8.726289749145508,-5.493778228759766,7.673651695251465,7.401160717010498,8.414002418518066,-14.201571464538574,14.74071216583252,-1.1644134521484375,9.835662841796875,-1.5554379224777222,7.1143341064453125,1.7092132568359375,5.960977077484131,0.24909579753875732,2.5702574253082275,-0.1715729981660843,2.431483745574951,0.027843333780765533,1.381260871887207,-0.11989116668701172,1.4042229652404785,0.05159026384353638,1.345536231994629,-0.029086844995617867,1.2664117813110352,-0.009741625748574734,1.1544852256774902,0.0012160360347479582,1.0055274963378906,0.049373965710401535,1.1792534589767456,-0.03928491100668907,1.125827431678772,-0.004792559426277876,0.9973142147064209,-0.01581386663019657,0.8557924628257751,300.46835098033887,470.9531110093217,-513.7825927734375,84.0850601196289,23.38287353515625,20.041919708251953,-0.9341046810150146,6.9974212646484375,1.7306902408599854,-2.792141914367676,1.2022044658660889,9.533559799194336,-0.02738328091800213,1.1553080081939697,1.5633219480514526,449.2609128628376,309.937964984601,-168.35780334472656,95.99893951416016,-30.520553588867188,11.35702896118164,-33.509849548339844,8.733477592468262,0.3755134344100952,-3.3554604053497314,-9.96362590789795,1.3634663820266724,-29.656131744384766,-11.19414234161377,-8.322153091430664,670.894195971261,547.6625260404826,-177.36505126953125,83.47769165039062,-34.631343841552734,8.812335014343262,-27.928434371948242,25.476600646972656,7.009186744689941,-2.33493709564209,-7.660135269165039,11.348514556884766,-12.928800582885742,6.672513008117676,2.3248488903045654
paper_half4.m4a,paper,half,631.4263897768799,561.1347947559505,2164.030066394728,727.8560436309158,0.02501271851360798,0.022455450147390366,0.1433038449754902,0.08327941853201913,-305.9512939453125,191.94229125976562,90.36685180664062,20.455322265625,-11.355104446411133,36.11399459838867,10.776908874511719,10.986472129821777,-20.694639205932617,20.248292922973633,13.485699653625488,13.135430335998535,4.635537624359131,9.164594650268555,-1.047677993774414,7.006163597106934,-2.4036288261413574,5.811230659484863,9.532230377197266,7.297628879547119,-11.78860092163086,13.440271377563477,0.13337193429470062,9.603031158447266,-0.5236815810203552,5.631349563598633,1.9285352230072021,5.154400825500488,0.23906755447387695,2.4315128326416016,-0.24387022852897644,2.072152853012085,-0.07543614506721497,1.3470827341079712,-0.15180081129074097,1.067415714263916,0.06214315816760063,1.3133493661880493,0.01003293041139841,0.9815753102302551,-0.016224894672632217,0.8701777458190918,-0.02856931835412979,0.8064669370651245,0.03338533267378807,0.9749489426612854,-0.05417093634605408,0.778534471988678,0.025078896433115005,0.872566282749176,0.006400005426257849,0.768390417098999,316.7131868455611,618.1408866767882,-601.9010620117188,132.84957885742188,10.988189697265625,29.212038040161133,0.7402609586715698,14.225724220275879,4.500471591949463,3.2525110244750977,-1.743581771850586,9.920557022094727,1.3262375593185425,4.199232578277588,2.329118490219116,549.6600890274077,326.0504129457827,-179.2761993408203,95.9005126953125,-31.426156997680664,8.152176856994629,-37.674591064453125,3.431749105453491,-3.1471686363220215,-4.258939266204834,-5.274240016937256,7.454137325286865,-24.105070114135742,-10.58482551574707,-5.274278163909912,1166.7204260791655,286.3390594862348,-173.34103393554688,81.1562728881836,-33.84348678588867,5.121579647064209,-30.02960968017578,25.50868797302246,10.466949462890625,0.444220632314682,-2.9914815425872803,13.744758605957031,-14.058244705200195,7.474804878234863,1.7935614585876465
paper_half5.m4a,paper,half,719.4515443538096,507.15760867864174,2318.418616137435,564.4252668124736,0.028088383376598358,0.018478335812687874,0.15106201171875,0.0640594160911874,-261.75274658203125,165.80604553222656,88.50286865234375,16.427303314208984,-21.58122444152832,31.34080696105957,6.963512897491455,13.444730758666992,-23.264450073242188,16.89573097229004,15.517340660095215,13.151663780212402,5.256110191345215,10.97423267364502,0.7133380770683289,7.105757713317871,-5.808255195617676,6.508366584777832,8.635279655456543,5.972833633422852,-15.041024208068848,12.398767471313477,-1.6249253749847412,9.79121208190918,-1.809723973274231,7.1202898025512695,1.8152002096176147,6.114307403564453,0.24423110485076904,2.7251667976379395,-0.26207756996154785,2.359762191772461,-0.0409708209335804,1.8963690996170044,-0.12138526886701584,1.2847390174865723,0.04145948961377144,1.3201905488967896,-0.02133561298251152,1.0784130096435547,-0.05313975363969803,1.010974645614624,-0.052492834627628326,0.8888625502586365,0.06278195977210999,0.8628131151199341,-0.02059752680361271,0.9571745991706848,0.03138532117009163,0.8108775615692139,-0.018671704456210136,0.7798511981964111,459.203175178811,499.1119790859758,-426.4330749511719,92.13542175292969,1.2441343069076538,8.415477752685547,-13.435745239257812,7.7385430335998535,2.681825637817383,-1.8931702375411987,0.036364901810884476,10.130584716796875,-5.051501750946045,1.282837152481079,2.9047670364379883,549.8241515223554,315.32317488299645,-180.79217529296875,93.67332458496094,-30.852462768554688,8.953232765197754,-31.169389724731445,12.020158767700195,4.262121677398682,1.003538966178894,-8.945782661437988,5.787747383117676,-27.455286026000977,-12.28956413269043,-8.613873481750488,1171.113827093163,322.4174847585266,-177.48956298828125,79.73812866210938,-35.08835983276367,3.847689628601074,-25.1477108001709,26.851350784301758,8.880854606628418,3.1618802547454834,-8.443100929260254,10.015684127807617,-12.624824523925781,6.15494966506958,0.4077712893486023
thermos_full⁠1.m4a,thermos,full,418.00821024103055,419.6682998931389,2504.196406273331,530.6099324222906,0.024419769644737244,0.01596066728234291,0.16081728057310468,0.06566373629456086,-287.1564636230469,191.11097717285156,80.62638092041016,19.538522720336914,-17.7130184173584,28.39308738708496,10.350040435791016,8.021819114685059,-26.490846633911133,19.578140258789062,13.6821928024292,7.873419284820557,0.9733411073684692,8.879444122314453,-7.723981857299805,10.013739585876465,-12.09959888458252,13.178689956665039,17.553606033325195,8.735623359680176,-1.1042025089263916,7.514342308044434,3.496457815170288,6.144188404083252,-0.27713194489479065,6.601315021514893,1.8788763284683228,5.755847454071045,0.33592697978019714,2.682330369949341,-0.1613873839378357,2.0495569705963135,-0.02004801481962204,1.549540638923645,-0.11935492604970932,1.0856226682662964,0.06419927626848221,1.3904931545257568,-0.02531064674258232,0.9356722235679626,-0.09514663368463516,1.226072907447815,-0.11301572620868683,1.0691003799438477,0.08318886160850525,0.9144513010978699,0.035884883254766464,0.9720593690872192,0.04033861681818962,0.7696837186813354,0.0018521181773394346,0.9050812721252441,444.8354052665446,604.859317468563,-548.9523315429688,102.87469482421875,-1.4068459272384644,20.724746704101562,-11.324383735656738,16.109060287475586,6.239032745361328,0.8545911908149719,1.9958120584487915,13.518604278564453,4.64015531539917,3.6029672622680664,-3.8032028675079346,421.27401079879655,254.34677547868955,-167.82431030273438,75.59069061279297,-32.330413818359375,11.021971702575684,-38.98838806152344,10.646201133728027,-5.989339351654053,-13.079925537109375,-18.37160873413086,18.766368865966797,-2.627923011779785,0.7567223906517029,-1.1876085996627808,377.702742135093,295.701492453569,-164.1281280517578,83.950927734375,-32.73417663574219,9.927152633666992,-36.78935623168945,18.564111709594727,0.5621128082275391,-9.52211856842041,-21.2390193939209,21.88329315185547,-6.1547136306762695,7.512165069580078,2.5453383922576904
thermos_full⁠2.m4a,thermos,full,398.7801914020196,372.8235524341059,2557.0999909936204,513.9382614400621,0.025892889127135277,0.01601703092455864,0.16996974571078433,0.072436557716726,-281.0363464355469,195.46206665039062,80.59349060058594,19.054380416870117,-19.487573623657227,23.02386474609375,13.28796672821045,9.28095817565918,-26.331546783447266,22.533369064331055,13.699386596679688,8.082423210144043,2.2528486251831055,12.319403648376465,-6.8109307289123535,9.682914733886719,-12.210222244262695,11.853344917297363,13.9641752243042,9.036885261535645,0.08310187608003616,5.947417736053467,3.8560330867767334,5.586972236633301,1.5594754219055176,7.410701751708984,2.112326145172119,6.539059638977051,0.16050219535827637,2.4288041591644287,-0.2552776634693146,2.4185633659362793,0.013682374730706215,1.67250657081604,-0.22203010320663452,1.4979679584503174,0.023741284385323524,1.1760057210922241,-0.019657891243696213,1.0997563600540161,-0.04569006711244583,1.0992810726165771,-0.12315671145915985,1.0082460641860962,0.022269990295171738,1.0693809986114502,-0.03253845497965813,0.8474229574203491,0.015761977061629295,0.8768438696861267,-0.03556542098522186,0.8903423547744751,376.7735557795716,523.1656895670416,-527.65234375,92.15107727050781,-5.594846248626709,18.001911163330078,-4.278459072113037,19.80988121032715,7.084374904632568,2.103867292404175,-0.5424706935882568,11.947949409484863,2.6858370304107666,5.745625019073486,0.16756558418273926,446.2193521402094,266.7373871232275,-162.71353149414062,79.18742370605469,-29.027620315551758,15.202421188354492,-38.48223876953125,7.4529571533203125,-6.848995208740234,-9.606258392333984,-15.406139373779297,16.704601287841797,-0.8151569962501526,0.9653989672660828,-2.3347418308258057,399.7105822623547,255.47781743171254,-160.4337615966797,78.57406616210938,-30.077686309814453,11.98667049407959,-39.83760452270508,16.955453872680664,4.297375679016113,-11.3456449508667,-21.87369155883789,14.394858360290527,-2.5665574073791504,5.890284538269043,6.471263408660889
thermos_full⁠3.m4a,thermos,full,401.72222011635864,347.7347064523502,2626.69043851145,713.9468173321449,0.02378186024725437,0.014250132255256176,0.19192131460970463,0.08690503559292995,-274.60418701171875,172.482666015625,83.15359497070312,29.30488395690918,-20.326522827148438,24.015092849731445,19.825035095214844,9.447688102722168,-31.83985137939453,16.170440673828125,20.37790298461914,7.542840480804443,0.7033906579017639,11.133424758911133,-6.808202266693115,7.335575580596924,-17.543621063232422,14.6386079788208,20.200302124023438,7.503138542175293,1.3231120109558105,8.615076065063477,4.453167915344238,7.706062316894531,-0.5863552093505859,11.015281677246094,2.153093099594116,6.070911884307861,0.014844129793345928,2.816948413848877,-0.33126896619796753,1.9304351806640625,0.07479583472013474,1.7009472846984863,-0.18134154379367828,1.524616003036499,0.08274658769369125,1.2492915391921997,-0.09277474135160446,1.1397886276245117,-0.023654673248529434,1.151065468788147,-0.11296475678682327,1.0973948240280151,0.015247568488121033,1.0323179960250854,-0.08955046534538269,0.9608044624328613,0.02557937614619732,1.051274299621582,0.08297374844551086,1.0289851427078247,252.06551612527426,373.3240931674154,-491.7243957519531,114.13304901123047,3.8459248542785645,21.087936401367188,-15.693623542785645,23.739742279052734,9.310690879821777,-3.3090133666992188,-0.14044606685638428,24.531484603881836,9.065656661987305,10.392144203186035,-12.295509338378906,481.93432254284534,312.7322341162207,-170.1581573486328,68.52273559570312,-30.917770385742188,16.706289291381836,-41.78242492675781,17.668737411499023,-7.5776214599609375,-6.941052436828613,-27.027647018432617,20.128116607666016,-2.1980602741241455,-0.36258360743522644,0.9764756560325623,529.3373850466437,346.67151765406743,-163.65309143066406,68.46847534179688,-35.16438293457031,22.780996322631836,-38.945220947265625,20.489416122436523,0.11508287489414215,-9.865582466125488,-25.898839950561523,16.371227264404297,-3.245954990386963,3.8123693466186523,9.274385452270508
thermos_full⁠4.m4a,thermos,full,399.92549355280323,342.1174385907365,2725.2014829132586,552.7441825471572,0.025130752474069595,0.015124998055398464,0.19138865427927929,0.08220167363851896,-289.7698059082031,209.4673309326172,72.63020324707031,19.154552459716797,-21.456350326538086,24.511301040649414,18.469358444213867,11.734611511230469,-30.435876846313477,25.039865493774414,14.674473762512207,9.772700309753418,1.7647615671157837,12.514936447143555,-7.7337327003479,9.810657501220703,-15.924330711364746,15.296283721923828,14.870223045349121,8.418102264404297,0.25367242097854614,5.4057111740112305,0.32004010677337646,6.720609664916992,3.978055953979492,5.910070896148682,2.6116979122161865,8.10360336303711,0.16370145976543427,2.5817136764526367,-0.3366476595401764,1.9140106439590454,0.08001119643449783,1.703857660293579,-0.19146323204040527,1.4649853706359863,0.01545181404799223,1.3429034948349,-0.07750798016786575,1.2569185495376587,-0.08097220957279205,1.253230094909668,-0.21193957328796387,1.01325261592865,0.04055776819586754,1.0044714212417603,-0.01746443286538124,0.871470034122467,0.033064160495996475,1.015586018562317,0.04374196380376816,0.9079398512840271,345.57770885933974,500.8142179611751,-537.9177856445312,82.18391418457031,0.44499462842941284,20.867900848388672,-1.5136630535125732,19.825464248657227,6.873358249664307,-0.20334427058696747,2.3739571571350098,12.659353256225586,2.8482742309570312,2.3843863010406494,2.5946664810180664,428.28598553384234,243.89443742446753,-165.67953491210938,65.4925537109375,-28.6460018157959,14.6279878616333,-47.90582275390625,6.239076614379883,-2.046630620956421,-12.869751930236816,-23.875520706176758,15.223505973815918,-0.5099140405654907,-3.2709476947784424,1.3065142631530762,497.8880859165434,176.2752228129663,-166.10885620117188,70.28316497802734,-35.990447998046875,19.837961196899414,-41.99028396606445,17.94523048400879,0.5720191597938538,-10.075064659118652,-26.03017807006836,16.83060646057129,-1.4919651746749878,1.8650271892547607,8.172298431396484
thermos_full⁠5.m4a,thermos,full,462.3626718803512,276.74962592937123,2706.846429721327,670.8795183086374,0.02334093488752842,0.012194601818919182,0.19930277979651162,0.08203457971150971,-272.6252136230469,187.0779266357422,74.47721862792969,25.165800094604492,-22.77809715270996,24.897113800048828,22.482221603393555,8.255512237548828,-31.592830657958984,21.41989517211914,11.935190200805664,8.590826988220215,1.798006534576416,8.737688064575195,-5.561716556549072,8.584378242492676,-16.611499786376953,12.655580520629883,13.908791542053223,6.317238807678223,-2.0231845378875732,9.430773735046387,2.441185474395752,7.035800457000732,7.918615341186523,6.569120407104492,2.755427598953247,7.973343849182129,0.1949157565832138,3.1296632289886475,-0.3942129909992218,1.9535807371139526,0.03555164858698845,1.3699111938476562,-0.24597063660621643,1.855576992034912,-0.017378458753228188,1.3334721326828003,-0.10829547792673111,1.347394347190857,-0.01644977740943432,1.182592511177063,-0.17509537935256958,1.0981801748275757,0.06053520739078522,1.0032622814178467,-0.050980065017938614,1.00498628616333,0.03328157588839531,0.9842426776885986,0.03053751215338707,0.8722319602966309,381.01825097416315,380.2090039171424,-471.9403076171875,86.3471908569336,-2.0656368732452393,27.46245574951172,-11.804662704467773,15.459099769592285,1.5528101921081543,-5.790480613708496,-5.234291076660156,13.966188430786133,7.388766765594482,5.47974967956543,5.308595657348633,470.8381646943283,254.65322384271104,-176.98541259765625,68.73623657226562,-28.59588623046875,19.7330265045166,-49.319339752197266,6.789860248565674,1.2840300798416138,-4.157429218292236,-17.954132080078125,13.764594078063965,-7.038064956665039,-2.7340776920318604,6.915380954742432,537.587390462568,105.2529959403743,-169.91317749023438,69.7490234375,-38.64718246459961,21.307802200317383,-34.72415542602539,14.30388355255127,2.1117639541625977,-6.264633655548096,-26.91277313232422,14.51180362701416,-6.64527702331543,4.905104637145996,11.501599311828613
thermos_half⁠1.m4a,thermos,half,441.222472701619,498.6545981765917,2137.4891926502837,876.50639544347,0.0230682585388422,0.0173344649374485,0.137248367228836,0.08778922622886509,-319.58123779296875,197.05734252929688,94.76800537109375,33.094390869140625,-11.623669624328613,28.133974075317383,19.633682250976562,13.274211883544922,-16.658069610595703,19.711772918701172,13.778276443481445,8.865610122680664,1.8943672180175781,16.4888973236084,-2.7160682678222656,7.484294414520264,1.3673399686813354,7.14387321472168,15.330747604370117,8.03964900970459,-3.437375783920288,12.993964195251465,6.6709489822387695,9.112000465393066,1.0801541805267334,9.510091781616211,2.549844980239868,7.461813926696777,0.2428005337715149,3.5316503047943115,-0.27764514088630676,2.4063327312469482,0.034705065190792084,1.6347784996032715,-0.19257286190986633,1.5719372034072876,0.03656093031167984,1.396575689315796,-0.00789630226790905,1.6627382040023804,0.020085813477635384,1.2194385528564453,0.004494101740419865,1.399582028388977,0.07204592972993851,1.2241379022598267,-0.13419553637504578,1.2235586643218994,-0.12199299782514572,0.99700927734375,-0.16574613749980927,1.4411689043045044,90.91178863582725,20.761531865909948,-593.320068359375,139.8576202392578,11.844500541687012,35.6831169128418,-1.682222604751587,21.428403854370117,15.019756317138672,-1.753041386604309,3.0466725826263428,18.27831268310547,8.64426040649414,16.77021598815918,6.020490646362305,680.0744080295403,660.7207738849005,-217.05538940429688,65.14347839355469,-31.76963233947754,20.001338958740234,-18.668188095092773,15.512067794799805,-4.535649299621582,-4.2028117179870605,-0.7513412833213806,17.16557502746582,-6.133949279785156,4.026317596435547,2.756800651550293,464.71142546181443,241.82000767422934,-162.32565307617188,95.63432312011719,-26.75102424621582,11.72193431854248,-36.567996978759766,10.032753944396973,-8.848260879516602,-0.19932404160499573,-0.14681871235370636,12.838945388793945,-15.593305587768555,0.9523295164108276,-6.524578094482422
thermos_half⁠2.m4a,thermos,half,498.35075796280285,541.9157967378171,2485.5414307969227,716.1126157732089,0.020797934383153915,0.01598263718187809,0.15640496351047903,0.08741898011908465,-331.8879089355469,221.8367156982422,79.16209411621094,27.645055770874023,-18.017974853515625,28.01186752319336,12.836817741394043,9.085101127624512,-18.825496673583984,22.95456886291504,14.341384887695312,9.008671760559082,-1.6594293117523193,15.574674606323242,-0.7519637942314148,7.891532897949219,-0.06960566341876984,8.624893188476562,11.214794158935547,7.9292802810668945,-3.9093635082244873,9.542691230773926,0.34630918502807617,6.499033451080322,-0.14505809545516968,7.71280574798584,3.246742010116577,9.101883888244629,0.40878286957740784,3.374851942062378,-0.3306626081466675,2.4298062324523926,-0.03448333218693733,1.6140025854110718,-0.2996947169303894,1.8310799598693848,0.005607153754681349,1.2784452438354492,-0.04360027611255646,1.453521728515625,-0.00016585938283242285,1.11008620262146,0.030943628400564194,1.1903315782546997,0.11164401471614838,1.2917139530181885,-0.09888511151075363,1.0250781774520874,-0.0312626026570797,1.0720179080963135,-0.02519076131284237,0.9489357471466064,247.0131165462571,461.2258477550535,-647.8308715820312,107.49811553955078,3.114203929901123,26.289148330688477,3.005570650100708,27.69363784790039,13.642388343811035,4.353769779205322,5.808648109436035,9.590057373046875,2.9518465995788574,3.4956469535827637,0.21006713807582855,877.6320584907038,650.2164728937718,-189.1142578125,54.48471450805664,-42.75319290161133,7.496771812438965,-28.846662521362305,12.603693008422852,-14.768392562866211,-5.908226013183594,-1.5999687910079956,13.985983848571777,-4.464587688446045,0.033955421298742294,5.715108394622803,476.87164790078094,292.7077652851598,-172.5572967529297,89.9527587890625,-24.762176513671875,13.78218936920166,-37.997711181640625,8.089605331420898,-6.456440448760986,1.1574172973632812,-5.974678993225098,11.352036476135254,-11.271123886108398,-0.8929470181465149,-7.385631561279297
thermos_half⁠3.m4a,thermos,half,418.67178062781096,502.0308033114804,2110.3194902698497,760.1750931012358,0.021896706894040108,0.016333164647221565,0.13087930484693877,0.08259617598868886,-327.17327880859375,200.80642700195312,99.1340103149414,37.37677001953125,-16.290231704711914,28.271671295166016,12.253861427307129,9.16996955871582,-14.232958793640137,19.919675827026367,13.70524787902832,7.73156213760376,-1.2085261344909668,13.45526123046875,-3.367316961288452,7.9374003410339355,1.053245186805725,7.362312316894531,13.744741439819336,9.83853816986084,-1.7561348676681519,10.040862083435059,4.287592887878418,9.183918952941895,2.3047449588775635,8.81318187713623,2.709024429321289,10.058207511901855,0.35845860838890076,3.865887403488159,-0.28686362504959106,2.772845983505249,-0.039501264691352844,1.6128883361816406,-0.25841549038887024,1.4600627422332764,0.06912209838628769,1.333012342453003,0.017242781817913055,1.508270502090454,0.008647914044559002,1.2065417766571045,-0.04204592481255531,1.0692554712295532,0.11798461526632309,1.1688352823257446,-0.06323990225791931,1.4654499292373657,-0.03151407837867737,1.1624994277954102,-0.05486959218978882,1.174627423286438,97.50760157412985,27.31776856413971,-583.92724609375,126.17826843261719,12.673047065734863,14.567744255065918,6.810764789581299,15.54256534576416,7.758018493652344,-1.9442205429077148,3.659797430038452,4.174839496612549,6.414445400238037,9.124712944030762,7.270908355712891,769.8193482091384,669.2505109145977,-236.8871612548828,86.87479400634766,-35.81092834472656,12.837888717651367,-15.87730598449707,12.589455604553223,-13.017194747924805,-5.897223472595215,3.526594638824463,17.412118911743164,-2.6274890899658203,9.274526596069336,6.022037982940674,427.46303161010746,292.1719884152372,-166.17140197753906,90.8587875366211,-29.37775421142578,11.311548233032227,-34.84975051879883,14.015569686889648,0.6622757315635681,-1.8259936571121216,-3.7627623081207275,19.58148956298828,-9.114089012145996,-5.2279253005981445,-6.630460739135742
thermos_half⁠4.m4a,thermos,half,408.62392949567135,352.245505868149,2491.1590544503388,729.4924773637644,0.01633763127028942,0.01198736485093832,0.16907664331896552,0.0871333375621149,-340.8974914550781,193.4698028564453,83.98800659179688,28.651735305786133,-8.727432250976562,26.960851669311523,22.377933502197266,9.262012481689453,-26.15090560913086,20.84333610534668,11.976444244384766,13.752190589904785,4.5188822746276855,14.733175277709961,-6.1253509521484375,8.30184268951416,-3.642899751663208,10.162066459655762,15.645727157592773,9.940052032470703,-2.4580078125,9.2393217086792,4.430323123931885,6.707544326782227,-1.857903242111206,12.196691513061523,3.654874086380005,7.251994609832764,0.12406411021947861,2.9301788806915283,-0.45005419850349426,2.830909252166748,0.10100417584180832,1.932699203491211,-0.26802170276641846,1.947196364402771,0.14611296355724335,1.4342888593673706,0.07892175763845444,1.7603332996368408,0.004450844135135412,1.2309849262237549,-0.19481085240840912,1.014528751373291,0.033625174313783646,1.4205268621444702,-0.13296368718147278,0.9412870407104492,-0.003209717571735382,1.1127009391784668,0.05607840418815613,1.1419999599456787,202.37393641059126,393.199309605074,-611.4920043945312,118.02923583984375,19.996299743652344,23.183181762695312,-5.411571979522705,28.168289184570312,18.842987060546875,-1.9316786527633667,6.172554016113281,11.027626037597656,5.400393962860107,9.17284870147705,-15.730347633361816,638.1908098850156,271.82319431333633,-228.50265502929688,55.35404968261719,-31.09286880493164,23.60765838623047,-31.91263198852539,7.06137228012085,-6.175625324249268,-11.33983039855957,-5.492689609527588,23.241823196411133,-2.683976888656616,4.229024410247803,8.669139862060547,393.6782214881602,227.55985592451927,-191.61981201171875,86.06522369384766,-20.028018951416016,24.44633674621582,-44.59191131591797,3.5061068534851074,-0.746539294719696,-3.681042432785034,-12.555785179138184,14.783361434936523,-11.58172607421875,1.9735102653503418,0.3842026889324188
thermos_half⁠5.m4a,thermos,half,432.33308299082,534.3570145281192,2364.7229695892597,764.4206373309886,0.022790560498833656,0.020752033218741417,0.1456887637867647,0.09420069390379067,-340.8526306152344,224.53961181640625,80.03067779541016,28.111711502075195,-11.517724990844727,32.820491790771484,18.497060775756836,9.41736888885498,-15.27539348602295,23.691471099853516,12.010056495666504,11.014083862304688,-1.0292882919311523,15.639211654663086,-0.582278311252594,7.610446929931641,-0.7813237905502319,7.653687953948975,12.181203842163086,8.686628341674805,-5.317083358764648,10.367843627929688,3.5256524085998535,7.650355815887451,1.892270803451538,7.711086750030518,3.3191721439361572,9.028276443481445,0.4015880823135376,3.296407461166382,-0.27064183354377747,2.6353414058685303,0.01422690786421299,1.6733918190002441,-0.30378076434135437,2.0659451484680176,0.01094606053084135,1.459294080734253,-0.06584684550762177,1.501042366027832,0.0009856560500338674,1.357010841369629,-0.02415185607969761,1.127258539199829,0.11553804576396942,0.9951680898666382,-0.12990863621234894,1.0193482637405396,-0.04995604604482651,1.2131965160369873,-0.06908836960792542,1.0960609912872314,90.13193868398123,20.727819294894097,-644.0458374023438,114.81627655029297,17.671192169189453,31.046545028686523,5.368782997131348,27.116111755371094,11.978965759277344,3.3487460613250732,2.4737634658813477,6.300900459289551,3.917194128036499,8.200942039489746,1.70193350315094,880.2975227621494,675.1478143652052,-240.5850067138672,56.31572341918945,-35.090118408203125,18.819499969482422,-19.898822784423828,5.061314582824707,-7.514557838439941,-1.0440508127212524,-0.4708968997001648,18.243366241455078,-6.359773635864258,5.358296871185303,5.0836181640625,300.6454558086783,179.54887764795174,-157.47039794921875,87.34513092041016,-27.68752098083496,14.316953659057617,-37.52414321899414,9.70173168182373,-10.60354232788086,-1.7064714431762695,-5.984554290771484,13.97110366821289,-14.927507400512695,-1.3660190105438232,-2.7450766563415527
thin_plastic_full1.m4a,thin_plastic,full,369.4645374175501,468.22363147635866,2446.212013519952,458.0947332850639,0.01787370815873146,0.012774376198649406,0.14664492849576272,0.06511847004347056,-342.95294189453125,211.80177307128906,79.52435302734375,18.393985748291016,-28.45042610168457,30.10945701599121,22.227807998657227,8.250248908996582,-7.464838981628418,15.731729507446289,16.375967025756836,8.071903228759766,-5.27468204498291,14.065730094909668,-10.792781829833984,15.302659034729004,-12.111332893371582,13.861345291137695,11.873945236206055,8.104430198669434,-0.08224445581436157,7.842639446258545,6.8501787185668945,5.337724685668945,4.433717727661133,4.860727787017822,1.90609610080719,5.601823329925537,0.22838807106018066,2.5853168964385986,-0.18546584248542786,1.8951756954193115,0.014551019296050072,1.310231328010559,-0.07142141461372375,1.2705878019332886,0.010282797738909721,1.2938628196716309,-0.08197903633117676,1.1449414491653442,-0.03821974992752075,1.0608984231948853,-0.06681320816278458,1.2545976638793945,0.031542081385850906,0.9987410306930542,-0.010492212139070034,0.9409023523330688,0.013353337533771992,0.8798896074295044,0.003886900143697858,0.7143812775611877,238.22677599374256,459.76927589733026,-639.8573608398438,91.15776824951172,3.1819024085998535,28.657541275024414,5.88871431350708,20.21675682067871,8.068696022033691,8.835404396057129,0.8679274916648865,11.245057106018066,4.2997002601623535,7.784213542938232,1.7285362482070923,560.0697239398614,516.0414694518208,-203.9420623779297,81.14482879638672,-53.00157165527344,18.162500381469727,-21.831628799438477,14.29075813293457,-9.767003059387207,-19.084495544433594,-19.752538681030273,9.298113822937012,-7.5617194175720215,7.327731132507324,6.001542091369629,362.9633379232221,391.78000507483927,-193.79934692382812,75.33930969238281,-42.000946044921875,25.2866153717041,-10.773951530456543,18.062236785888672,-16.878454208374023,-19.522106170654297,-19.617876052856445,17.24660301208496,1.4915759563446045,6.60335636138916,4.691364765167236
thin_plastic_full2.m4a,thin_plastic,full,320.19868130958355,334.810113943806,2806.6657798998717,343.2782221856141,0.014675579965114594,0.013122179545462132,0.19053218928912213,0.05706613983229096,-367.80413818359375,208.37930297851562,70.95185852050781,15.741347312927246,-33.006813049316406,22.749343872070312,22.07737922668457,7.866849899291992,-17.324438095092773,13.682340621948242,13.148703575134277,7.389012336730957,-2.7792608737945557,7.152312278747559,-4.76931619644165,14.502739906311035,-7.591790676116943,10.75356674194336,13.116408348083496,5.397588729858398,-2.9155001640319824,7.9272661209106445,8.795025825500488,4.431722640991211,4.523963928222656,5.593210697174072,2.374282121658325,4.557930946350098,0.2253246158361435,2.1487483978271484,-0.26791587471961975,1.3598753213882446,0.06496524065732956,1.098276138305664,-0.06291111558675766,1.1537697315216064,0.034576475620269775,1.110532283782959,-0.062535859644413,0.806739866733551,-0.05900736153125763,0.9376738667488098,-0.08089827001094818,0.8709563612937927,0.037794310599565506,0.7698403596878052,-0.06383881717920303,0.7482683062553406,0.0298934243619442,0.7059049606323242,-0.025508735328912735,0.7247363924980164,82.92563437247503,76.2757669249049,-641.80712890625,77.49691009521484,-8.031230926513672,28.09142303466797,-6.950202941894531,12.14013385772705,1.1322697401046753,12.4375638961792,2.433513879776001,11.409872055053711,3.5136194229125977,7.845817565917969,2.4101130962371826,475.82760297712974,375.51051729582395,-285.0940246582031,59.1865119934082,-43.508338928222656,18.833524703979492,-31.30877113342285,17.083852767944336,-1.3611449003219604,-5.965326309204102,-10.519120216369629,13.318004608154297,-10.431204795837402,8.827984809875488,8.821969985961914,460.24465465256105,321.3493811610282,-181.56370544433594,80.35346984863281,-50.04182434082031,22.00105094909668,-16.002702713012695,12.333562850952148,-10.008332252502441,-18.879192352294922,-16.30767822265625,16.3328800201416,-3.2027792930603027,10.908316612243652,1.0847554206848145
thin_plastic_full3.m4a,thin_plastic,full,471.75138555176426,505.40232413480453,2646.658098530866,377.7141017584183,0.020517555996775627,0.01372783537954092,0.17852084327290077,0.061132930170603464,-306.1945495605469,182.07643127441406,72.37814331054688,18.765260696411133,-35.24931335449219,22.497777938842773,20.524856567382812,9.732247352600098,-8.147210121154785,16.195775985717773,14.7883882522583,9.647465705871582,-9.77877140045166,11.34238338470459,-8.51770305633545,13.819726943969727,-11.648335456848145,13.086203575134277,9.633414268493652,7.313557147979736,-1.7140575647354126,7.420526504516602,7.787119388580322,7.884037017822266,5.206789970397949,5.364570140838623,1.8777049779891968,7.615078449249268,0.3389439880847931,2.4923524856567383,-0.0915772095322609,2.8192331790924072,0.1286279857158661,1.5515192747116089,0.0025040283799171448,1.3269643783569336,0.05163891613483429,1.5329393148422241,-0.07747946679592133,1.8832613229751587,-0.03524984046816826,1.1217305660247803,-0.06607003509998322,1.1504384279251099,-0.013633031398057938,1.016503095626831,0.022957364097237587,0.9436535239219666,-0.002388360910117626,0.9572429060935974,-0.012694192118942738,0.9120767712593079,551.9830213397428,771.7329084296067,-551.8087768554688,70.08834838867188,-26.806581497192383,25.01116371154785,-0.4679989516735077,26.240262985229492,-7.4091477394104,11.269840240478516,-0.5294740796089172,14.069602012634277,1.980743408203125,1.822627305984497,4.8202643394470215,475.48862438383094,342.69307781118545,-184.90794372558594,80.6095962524414,-51.78288269042969,19.117414474487305,-19.314603805541992,10.256804466247559,-8.750170707702637,-18.462858200073242,-19.81128692626953,8.720540046691895,-4.868307113647461,13.133084297180176,3.9562292098999023,370.5834767552194,234.6894666165797,-193.12371826171875,79.62081909179688,-37.25667190551758,25.194597244262695,-10.480920791625977,13.086386680603027,-18.07425308227539,-14.67885684967041,-17.347858428955078,8.464144706726074,-3.7085373401641846,9.235684394836426,6.275865077972412
thin_plastic_full4.m4a,thin_plastic,full,403.8972533798513,363.88360206029256,2615.7100434306903,524.3038714067038,0.020056361332535744,0.011583933606743813,0.1798955353213028,0.0795160138055697,-300.078857421875,187.89393615722656,74.89859008789062,19.31355094909668,-26.564823150634766,27.544097900390625,26.173721313476562,9.107325553894043,-15.27391242980957,13.948217391967773,17.272783279418945,7.569693088531494,-7.368534564971924,11.525435447692871,-12.913514137268066,11.005434036254883,-9.277766227722168,9.503596305847168,10.071252822875977,6.9803876876831055,-1.6706100702285767,7.283902645111084,10.143869400024414,5.375774383544922,2.996577262878418,5.057626724243164,1.9368441104888916,5.730739116668701,0.2095111757516861,2.0726425647735596,-0.16789071261882782,1.7573550939559937,0.11053042113780975,1.1794800758361816,-0.06383564323186874,1.1275153160095215,0.07594454288482666,1.2401807308197021,-0.03414185717701912,0.9996077418327332,-0.039855316281318665,0.9662643671035767,-0.06789983808994293,0.9917969107627869,0.02175883762538433,0.9987363815307617,-0.05073832347989082,0.9686834812164307,0.006034209858626127,0.7956809401512146,-0.0005389032303355634,0.7868968844413757,351.65244271223116,429.2259345972045,-518.9745483398438,79.5392074584961,-7.2168869972229,25.346717834472656,-6.090527534484863,18.037832260131836,3.7796473503112793,1.2632869482040405,-3.022979497909546,11.353778839111328,-0.6728804707527161,7.534847736358643,0.5790147185325623,566.308855073541,210.46899648742482,-190.3113250732422,75.54133605957031,-48.70643997192383,23.157350540161133,-22.02997589111328,17.731807708740234,-14.720544815063477,-18.242815017700195,-15.16814136505127,6.722845077514648,-1.3399748802185059,12.476311683654785,2.890700101852417,362.8103870699404,407.42386649290313,-195.84239196777344,74.58692932128906,-26.70273780822754,32.390899658203125,-19.713590621948242,17.862768173217773,-12.463549613952637,-20.53103256225586,-10.87218189239502,13.334772109985352,-3.687922477722168,11.164846420288086,5.0422258377075195
thin_plastic_full5.m4a,thin_plastic,full,405.3387442320896,376.13996321104617,2487.5412454998873,502.2789119582077,0.019745469093322754,0.014740070328116417,0.16617707283266128,0.08445777391863486,-325.6382141113281,197.77584838867188,81.00694274902344,20.409122467041016,-24.5383358001709,26.27753257751465,17.766845703125,10.860480308532715,-14.5291166305542,16.155765533447266,13.223258018493652,7.768095016479492,-0.27899783849716187,12.044363975524902,-6.5752716064453125,10.796342849731445,-9.420701026916504,11.330080032348633,10.444172859191895,6.54560661315918,-2.9302592277526855,6.278641700744629,7.642764091491699,6.0941572189331055,3.7276418209075928,5.527257442474365,1.0538746118545532,7.580448627471924,0.2921665608882904,2.31014347076416,-0.1209668219089508,1.6940830945968628,0.13884250819683075,1.0840377807617188,0.007047899533063173,1.3029288053512573,-0.016898958012461662,1.1466771364212036,-0.09743713587522507,1.138612151145935,-0.017816612496972084,0.9300060272216797,-0.04490881413221359,1.042669415473938,-0.006698653567582369,0.8143258690834045,-0.01155155710875988,0.899064302444458,0.014667016454041004,0.8907499313354492,0.009138494729995728,0.7918968796730042,285.1057723053022,463.57090560786037,-577.17626953125,96.21012878417969,-7.810332775115967,16.177576065063477,-7.384444236755371,23.217859268188477,9.64660930633545,7.153507709503174,0.8748584389686584,7.56456995010376,-0.011542929336428642,3.428504705429077,-1.0391122102737427,544.7907178889362,310.3568935046564,-188.00921630859375,77.95478057861328,-45.941505432128906,15.969287872314453,-26.486316680908203,10.056469917297363,-7.650038242340088,-14.84751033782959,-16.906930923461914,14.086175918579102,-5.622251987457275,9.7623872756958,4.616898536682129,333.19425821255567,273.92407027483057,-222.55465698242188,81.67505645751953,-28.381221771240234,27.644174575805664,-15.271913528442383,11.360520362854004,-5.936803817749023,-9.662393569946289,-14.217214584350586,11.544870376586914,-4.208172798156738,10.339665412902832,6.970649242401123
thin_plastic_half1.m4a,thin_plastic,half,424.7836538665436,333.4448815081336,2460.3258174400416,574.6985687184863,0.017497630789875984,0.01440456137061119,0.15934008907004832,0.08704555263188198,-345.6505126953125,204.8069305419922,81.1626968383789,26.00588607788086,-28.166006088256836,30.31940460205078,19.33869171142578,6.675103664398193,-13.210763931274414,14.772323608398438,14.249316215515137,6.889529705047607,-2.2778284549713135,9.91075325012207,-6.118697166442871,10.579353332519531,-9.390764236450195,8.958066940307617,9.473611831665039,8.482145309448242,-2.537661552429199,5.2296462059021,7.638186931610107,9.260832786560059,-1.2640314102172852,6.75014066696167,3.0661728382110596,5.295079231262207,0.354957640171051,2.509138345718384,-0.2796156406402588,1.718076229095459,0.042794857174158096,0.8895383477210999,-0.09043829143047333,1.2025388479232788,0.07096192985773087,1.2151137590408325,-0.02633805200457573,0.9723725318908691,-0.03495064377784729,0.9284367561340332,-0.07650945335626602,0.6986935138702393,0.056775059551000595,0.8066709637641907,-0.046439703553915024,0.6929963231086731,0.04812343046069145,0.8054320812225342,0.03391746059060097,0.8497843146324158,130.7537192432339,73.43593404866672,-622.9325561523438,109.85664367675781,5.064060211181641,21.867664337158203,0.3196555972099304,15.685613632202148,4.545107364654541,7.509655952453613,-2.0175156593322754,2.26646089553833,-3.137932538986206,-1.4541382789611816,-2.7793238162994385,608.7746683717698,341.52522551131335,-256.0950012207031,64.35470581054688,-45.53166580200195,18.616052627563477,-24.267024993896484,14.776607513427734,-4.4299187660217285,-9.412155151367188,-11.664376258850098,11.0849609375,-4.492874622344971,10.610330581665039,-2.2806835174560547,507.70381886919495,245.60096466916121,-170.1306610107422,78.7368392944336,-48.80788040161133,21.483898162841797,-18.752973556518555,15.374053955078125,-8.541976928710938,-14.429669380187988,-16.090036392211914,16.281965255737305,-0.9158227443695068,14.419686317443848,0.8685529232025146
thin_plastic_half2.m4a,thin_plastic,half,490.3172954975839,557.749446593953,2283.0661482001037,683.1929309477065,0.012254246510565281,0.009603491052985191,0.13415387033045978,0.0789501841369605,-363.6884460449219,182.81536865234375,89.37364196777344,29.68682098388672,-24.44423484802246,32.52168273925781,17.23456573486328,14.060004234313965,-11.984857559204102,12.927812576293945,25.097572326660156,6.445236682891846,3.455704689025879,10.77502727508545,-3.5394399166107178,8.104447364807129,-5.586372375488281,8.753711700439453,6.101324558258057,7.512744903564453,-9.091052055358887,7.2146100997924805,3.474017381668091,6.364696502685547,-3.80751895904541,6.9890947341918945,2.9414961338043213,7.508085250854492,-0.07965059578418732,3.742210626602173,-0.41479870676994324,2.620962619781494,0.10698983818292618,1.5751349925994873,-0.130524680018425,1.6218125820159912,-0.009891264140605927,1.0727872848510742,-0.1652384102344513,1.4681384563446045,0.0016723336884751916,1.041156530380249,-0.027385292574763298,1.0104644298553467,0.06180635094642639,1.2537055015563965,-0.08341929316520691,0.9936399459838867,-0.03128386661410332,1.0124644041061401,-0.11038598418235779,0.685093879699707,109.03134692112836,50.1751772771356,-599.7520141601562,116.21385192871094,13.618490219116211,29.833789825439453,-3.0741748809814453,25.44634437561035,13.394835472106934,2.2649667263031006,1.1545181274414062,10.90484619140625,-3.853764772415161,9.449664115905762,2.6874616146087646,721.3604778505397,644.2064297385529,-274.02301025390625,79.7489242553711,-49.280067443847656,10.071447372436523,-11.416744232177734,24.006126403808594,1.3252846002578735,-1.3761529922485352,-5.345114231109619,0.8265997767448425,-9.32822322845459,1.0817630290985107,-5.583842754364014,577.5845719801655,483.8685108918818,-221.70831298828125,75.41419219970703,-39.02912139892578,13.035256385803223,-22.968158721923828,27.543106079101562,-5.008578300476074,-10.965483665466309,-13.246301651000977,7.481093883514404,-14.937601089477539,0.7268229722976685,-9.233735084533691
thin_plastic_half3.m4a,thin_plastic,half,665.386687454835,651.1887695941452,2247.9571523658465,732.0890620956123,0.01409168355166912,0.008311012759804726,0.13443927375637754,0.06997071185106625,-324.9287414550781,160.25164794921875,93.51236724853516,33.875431060791016,-20.615097045898438,36.74011993408203,14.123275756835938,11.148513793945312,-8.308187484741211,9.649438858032227,27.269865036010742,9.080548286437988,-1.362321138381958,9.727389335632324,-5.036774158477783,11.977441787719727,-7.841102600097656,12.010679244995117,11.639248847961426,7.648962497711182,-5.923664093017578,11.725767135620117,4.588062286376953,7.614529609680176,-4.787878513336182,7.574737548828125,2.7460670471191406,8.042460441589355,0.0819525346159935,3.7912914752960205,-0.3869098722934723,2.649766445159912,-0.03881065174937248,1.4883999824523926,-0.09320948272943497,1.4655367136001587,0.09137681126594543,1.1585196256637573,-0.12853989005088806,1.1426270008087158,0.011991230770945549,1.2390426397323608,-0.09832973033189774,1.0246808528900146,0.06010399013757706,1.0815573930740356,-0.13697275519371033,1.2249925136566162,-0.04706726223230362,1.1098653078079224,-0.10073292255401611,0.9767484664916992,159.03603391905517,263.95671684131935,-539.3140869140625,134.24395751953125,25.8682804107666,25.691173553466797,-7.774494647979736,21.743223190307617,3.3414804935455322,-16.483369827270508,4.761216640472412,17.27562713623047,6.70888614654541,12.462577819824219,-1.0090081691741943,650.7058723993616,595.3090899050786,-225.4896240234375,66.10103607177734,-46.388343811035156,11.832734107971191,-14.547783851623535,27.78618812561035,1.5390366315841675,3.2861342430114746,-10.986710548400879,9.412679672241211,-7.677812099456787,1.8074219226837158,-2.102850914001465,1197.867410313659,573.7922389408761,-212.1713104248047,82.21350860595703,-43.36880111694336,5.725387096405029,-3.547030210494995,33.475914001464844,-9.518381118774414,-1.3122057914733887,-17.932159423828125,8.310562133789062,-17.275665283203125,-0.38837531208992004,-11.64899730682373
thin_plastic_half4.m4a,thin_plastic,half,522.5818054936371,580.9357910582831,2286.0273349314157,761.1958045680174,0.013740729540586472,0.009325411170721054,0.13616842196132597,0.07148262735458426,-339.2455139160156,183.7459716796875,89.99497985839844,35.3316764831543,-31.254074096679688,29.19484519958496,14.172212600708008,11.987194061279297,-5.515130996704102,11.058967590332031,23.972755432128906,10.265417098999023,1.1650691032409668,12.944310188293457,0.8561636805534363,9.055171966552734,-8.042596817016602,8.242825508117676,7.31770658493042,9.491530418395996,-3.751420259475708,11.475308418273926,3.3690826892852783,6.565278053283691,-3.2822299003601074,8.120244026184082,2.965080738067627,9.200251579284668,0.027356289327144623,3.9526114463806152,-0.41253018379211426,3.1697068214416504,-0.0001732051750877872,1.9278494119644165,-0.1339603215456009,1.4308316707611084,0.09140326827764511,1.4028916358947754,-0.2146700918674469,1.2117087841033936,0.0658470094203949,1.103097915649414,-0.04969121143221855,1.135218620300293,-0.006390065886080265,1.2609690427780151,-0.1501961201429367,1.1180208921432495,-0.10080444812774658,0.877467691898346,-0.12328760325908661,1.1493951082229614,138.6451994093197,238.9848233367138,-594.87060546875,137.27456665039062,1.444863200187683,24.77996063232422,1.8362008333206177,17.366775512695312,13.249835968017578,1.0179858207702637,-0.3861924111843109,18.118520736694336,9.214940071105957,9.910497665405273,2.834526300430298,788.999869325909,558.3260700802629,-207.44412231445312,61.14763641357422,-57.73571014404297,4.037364482879639,-12.110740661621094,22.7171688079834,0.4224737882614136,5.527406215667725,-12.57982063293457,0.9364835619926453,-8.892877578735352,2.257585287094116,-4.717518329620361,558.5675319599927,627.702105540258,-220.77183532714844,74.94386291503906,-39.551795959472656,15.840167045593262,-8.146581649780273,33.46991729736328,-11.485199928283691,-3.076964855194092,-11.957740783691406,3.918534994125366,-12.638131141662598,-0.955400288105011,-8.816798210144043
thin_plastic_half5.m4a,thin_plastic,half,606.2965695927805,550.422222264626,2175.954394810007,861.0792335686734,0.015553242526948452,0.012570954859256744,0.13528682408707865,0.0848346206487512,-343.6534118652344,181.6726531982422,93.0754165649414,38.59437942504883,-18.306119918823242,42.41358947753906,16.868255615234375,8.390523910522461,-13.463277816772461,13.800912857055664,20.98503875732422,9.568052291870117,2.4063291549682617,7.307804584503174,-4.171257495880127,10.774879455566406,-6.869351863861084,11.18709945678711,8.5889892578125,11.27434253692627,0.34313005208969116,11.477685928344727,7.309185028076172,9.577661514282227,-4.657742023468018,6.8684821128845215,2.3662374019622803,6.527907848358154,-0.18444643914699554,3.5266716480255127,-0.6840174198150635,2.1776833534240723,-0.04671674966812134,1.25205659866333,0.010865308344364166,1.5997154712677002,0.13311637938022614,1.4905478954315186,0.022461451590061188,1.1663377285003662,0.06205475330352783,1.2860716581344604,-0.02208952233195305,1.0005587339401245,-0.009445508942008018,1.046854019165039,-0.05066176876425743,0.9675639867782593,0.003889193758368492,1.025328278541565,-0.0653960257768631,0.9972655177116394,103.59524561518971,38.799054353281704,-579.090576171875,144.02713012695312,25.03559112548828,25.590518951416016,-7.222256183624268,16.865577697753906,3.288137674331665,-11.661126136779785,2.6030664443969727,17.118988037109375,9.538171768188477,17.969409942626953,-4.621702194213867,884.2853020562505,525.1725408637631,-262.3853454589844,75.5181884765625,-36.46080780029297,17.23702049255371,-23.513261795043945,24.22252655029297,3.1598920822143555,1.5049152374267578,-9.420351028442383,12.37319564819336,-0.21892553567886353,3.7623846530914307,-5.196695804595947,868.8522603043708,494.9511321038802,-200.3727264404297,70.4646224975586,-50.871177673339844,13.55771541595459,-13.525405883789062,25.071260452270508,-1.7864317893981934,-0.17540809512138367,-15.126681327819824,-1.848035454750061,-10.245696067810059,1.5732778310775757,-4.91030740737915
‏glass_full1.m4a,glass,full,519.9613179599859,509.33216223814577,2585.005180777732,403.2781382938347,0.026590829715132713,0.013727966696023941,0.1624229029605263,0.051711286838324,-247.50086975097656,174.28173828125,74.72058868408203,17.635942459106445,-32.04866027832031,27.48574447631836,14.725889205932617,7.925421714782715,-15.289673805236816,14.18483829498291,18.784570693969727,8.822789192199707,6.190962791442871,10.31773567199707,3.7507247924804688,6.372514724731445,-8.070631980895996,8.682764053344727,7.10039758682251,6.060640335083008,-6.950623989105225,7.714535236358643,1.3041831254959106,6.82169771194458,-6.530226707458496,6.738223075866699,1.35951566696167,4.074831485748291,0.19845660030841827,2.5323121547698975,-0.13543440401554108,1.5787774324417114,0.04175690934062004,1.1224385499954224,-0.06704101711511612,1.1818445920944214,0.016534004360437393,1.1384950876235962,-0.035730991512537,1.0069636106491089,-0.022422218695282936,0.9547356367111206,-0.07049013674259186,0.9369120597839355,0.01143445260822773,0.8508906960487366,-0.00537390960380435,0.9158601760864258,-0.01582282967865467,0.9198989868164062,-0.01819380186498165,0.8535592555999756,364.3693756669562,412.07523542690984,-433.52294921875,82.00418853759766,-15.729315757751465,17.15595054626465,-14.652544975280762,14.024336814880371,9.150355339050293,2.643547773361206,-1.2259635925292969,9.791556358337402,-4.145929336547852,4.701898574829102,-3.049347400665283,644.2884271441866,493.0874858198914,-165.64920043945312,78.99533081054688,-43.70159149169922,12.403532028198242,-23.930952072143555,20.193571090698242,12.865303039550781,6.517231464385986,-11.963833808898926,4.070271968841553,-13.795380592346191,-0.5769473910331726,-7.252721309661865,494.3837217527634,542.1469143679802,-152.8979034423828,72.66085052490234,-42.11885070800781,18.449527740478516,-9.556129455566406,23.39969825744629,-3.596858263015747,2.295893669128418,-11.012577056884766,7.734156131744385,-3.0667245388031006,-0.13072124123573303,-9.159185409545898
‏glass_full2.m4a,glass,full,677.1891417819643,563.0399887589838,2542.305727051122,586.8823281230843,0.026288039982318878,0.011366279795765877,0.1754914081742611,0.05951167817909785,-237.1103515625,142.7935028076172,80.17119598388672,22.97894859313965,-29.593656539916992,26.339567184448242,19.61972427368164,9.933249473571777,-18.1766300201416,16.752178192138672,26.609357833862305,9.964428901672363,7.359524250030518,10.989472389221191,1.1034022569656372,8.156595230102539,-7.470338821411133,7.538780212402344,7.53326940536499,6.533135890960693,-15.25972843170166,11.562860488891602,0.8986868858337402,7.411109924316406,-5.9553608894348145,5.612091541290283,1.273581624031067,4.7802324295043945,0.13532747328281403,2.5086638927459717,-0.15011510252952576,1.7352510690689087,0.013152409344911575,1.1706832647323608,-0.09321090579032898,1.3994520902633667,0.011156044900417328,1.0445328950881958,-0.043687913566827774,1.1233794689178467,-0.01548556424677372,1.193968653678894,-0.03419482335448265,0.9808210134506226,0.025804171338677406,0.9525667428970337,-0.05825607851147652,1.0148746967315674,-0.020176267251372337,0.8898605108261108,-0.03892587870359421,0.8586911559104919,589.4515376587154,487.009251923052,-367.5908203125,92.793701171875,-10.415384292602539,17.4917049407959,-20.566572189331055,19.11178970336914,8.278023719787598,3.0411133766174316,-1.6418991088867188,9.889079093933105,-5.671397686004639,1.3447999954223633,-7.262840747833252,995.9430366760016,444.7277816426771,-179.9619140625,76.91316986083984,-41.287410736083984,15.430793762207031,-25.366573333740234,32.19297790527344,16.531131744384766,1.851918339729309,-10.409577369689941,5.609499454498291,-20.680967330932617,-1.8446788787841797,-6.313178062438965,402.0524036415015,561.3466836173056,-165.5738983154297,72.7540283203125,-37.9775390625,26.51029396057129,-9.22572135925293,28.882633209228516,-2.9747142791748047,-1.4383964538574219,-10.300324440002441,7.324524879455566,-19.53197479248047,3.3697710037231445,-4.307759761810303
‏glass_full3.m4a,glass,full,863.3363531198042,629.4834297839805,2730.0207890010342,537.0550705682176,0.029889868572354317,0.015262228436768055,0.1968708444148936,0.07187301663338846,-240.53038024902344,169.80056762695312,69.65483856201172,20.943485260009766,-38.01885223388672,29.413469314575195,18.61241912841797,10.690534591674805,-23.48476219177246,16.27652931213379,24.901432037353516,9.75989818572998,10.31762409210205,9.516158103942871,2.1867475509643555,7.858712673187256,-9.611797332763672,11.48406982421875,6.018247127532959,7.007575511932373,-11.260234832763672,10.723584175109863,-1.3016010522842407,7.765366554260254,-6.735297203063965,6.742766857147217,1.478927731513977,4.194759368896484,0.14420223236083984,2.208916664123535,-0.14859579503536224,1.8854914903640747,0.051516711711883545,1.1906150579452515,-0.09969179332256317,1.2608437538146973,0.034333113580942154,1.0966073274612427,0.032141052186489105,1.0003931522369385,-0.057303186506032944,1.0116753578186035,-0.08365417271852493,1.089257001876831,0.01417823787778616,0.9424273371696472,-0.05736905336380005,1.1940311193466187,-0.014090131968259811,0.8512016534805298,-0.053031109273433685,0.8261604905128479,691.230950419615,657.3929444316497,-412.8468322753906,73.97514343261719,-24.824607849121094,12.413312911987305,-18.385189056396484,26.39822006225586,6.398722171783447,4.680150985717773,-0.3034144937992096,9.95378589630127,-5.663691997528076,4.366589069366455,-2.5603203773498535,760.3936321667603,450.67594559864614,-156.71847534179688,77.42046356201172,-53.65913009643555,17.424570083618164,-32.791343688964844,23.804231643676758,8.268075942993164,5.868523597717285,-9.013482093811035,3.116468906402588,-19.967609405517578,-4.803983211517334,-7.658881187438965,1121.3936510426317,675.9992742414144,-154.85516357421875,60.64608383178711,-37.24095916748047,27.071916580200195,-20.06900405883789,24.69424057006836,16.174379348754883,-3.941412925720215,-19.438852310180664,5.094003677368164,-8.314305305480957,-3.2606842517852783,-10.011473655700684
‏glass_full4.m4a,glass,full,647.2287998642986,594.8963079460392,2492.941854015186,507.02343765426525,0.03042273037135601,0.01698991470038891,0.16076113572761194,0.05935632789478334,-246.557861328125,175.39443969726562,79.95313262939453,21.305923461914062,-34.99870681762695,30.556808471679688,9.14802360534668,10.73975944519043,-16.14581298828125,14.932609558105469,26.411693572998047,9.829839706420898,7.011751651763916,8.735723495483398,-3.4223413467407227,8.437373161315918,-4.317920207977295,9.963994026184082,13.01518726348877,8.435076713562012,-7.464845180511475,10.738343238830566,1.8376595973968506,6.843162536621094,0.5994553565979004,7.289122104644775,1.40255606174469,5.701351165771484,0.16428659856319427,2.7342188358306885,-0.1897367537021637,1.9914230108261108,-0.035741694271564484,1.6195460557937622,-0.03181231766939163,1.7807012796401978,0.10298094153404236,1.4587231874465942,0.01378902792930603,0.9398168325424194,-0.014381954446434975,1.3957586288452148,-0.08978300541639328,1.2760322093963623,-0.061657823622226715,0.9561830163002014,-0.05193067342042923,0.995774507522583,-0.0029023950919508934,1.0090022087097168,0.0025493730790913105,1.02729332447052,605.6108913702227,660.5056287735836,-450.4608154296875,89.30472564697266,-13.309468269348145,15.08875846862793,-7.919917106628418,25.902143478393555,10.431111335754395,-5.078881740570068,2.5193932056427,20.21224594116211,2.984708786010742,7.085477352142334,-0.29848605394363403,930.9465055629056,526.0776121306195,-144.4762420654297,73.42840576171875,-51.31803894042969,3.796255588531494,-22.28015899658203,28.30486297607422,7.276309013366699,-4.953567028045654,-7.5577802658081055,11.878255844116211,-13.456676483154297,-2.770711898803711,0.8835844397544861,384.10120996143894,442.75220581921616,-148.07888793945312,79.8809585571289,-42.03562927246094,10.117934226989746,-19.920190811157227,26.462158203125,2.458153247833252,0.4676356613636017,-8.603899955749512,7.704347610473633,-12.383429527282715,1.9291069507598877,0.8442478179931641
‏glass_full5.m4a,glass,full,407.5650096399514,489.8348940566201,2572.347448174566,498.0724959203685,0.025540610775351524,0.013089906424283981,0.170791015625,0.06439610224016211,-256.9037170410156,174.92529296875,82.94046783447266,17.053464889526367,-28.28278160095215,23.93647575378418,15.391983985900879,9.109437942504883,-22.204601287841797,18.24165916442871,23.061304092407227,7.714554786682129,5.036238670349121,8.039859771728516,2.6641407012939453,6.28510856628418,-8.297983169555664,8.998048782348633,11.988920211791992,9.18358325958252,-9.849968910217285,9.372118949890137,2.77988338470459,5.968667984008789,2.5080888271331787,5.478269100189209,1.6655797958374023,6.356181621551514,0.07075545191764832,2.5182535648345947,-0.16102896630764008,2.3509154319763184,0.021966462954878807,1.3429555892944336,-0.14784587919712067,1.3696664571762085,-0.034878380596637726,1.1177327632904053,-0.04942376911640167,1.050915241241455,-0.0022080899216234684,0.8216979503631592,-0.07650265097618103,1.0775244235992432,-0.017879854887723923,1.2106337547302246,-0.08673347532749176,0.9731653332710266,-0.025146272033452988,0.8286722302436829,0.025425152853131294,0.8245767951011658,503.34487572965384,626.8365550007966,-444.44317626953125,86.06134033203125,-13.963408470153809,18.79884147644043,-6.0121002197265625,23.79083251953125,7.7443742752075195,3.630967617034912,-0.9931032657623291,17.660999298095703,-0.7773840427398682,6.171619415283203,0.17683567106723785,429.8966816743573,438.7610477598555,-170.344482421875,88.9291000366211,-37.825462341308594,7.981759548187256,-33.12894821166992,23.491899490356445,4.800553798675537,4.847874164581299,-11.257631301879883,10.313621520996094,-16.739547729492188,-0.2433318793773651,1.165830373764038,257.2791912794628,305.6834118272155,-158.25851440429688,75.85623168945312,-34.30720520019531,20.445354461669922,-28.316801071166992,22.847675323486328,1.7967463731765747,0.4058459997177124,-13.38588809967041,8.68235969543457,-12.483938217163086,2.9246654510498047,5.93265962600708
